,activity,fatal_(y/n)
0,,no
1,,no
2,surfing,no
3,surfing,no
4,swimming,no
5,surfing,no
6,swimming,yes
7,fishing,no
8,,no
9,,no
10,,no
11,,no
12,swimming,no
13,fishing,no
14,,no
15,surfing,no
16,surfing,no
17,swimming,no
18,swimming,no
19,surfing,no
20,surfing,no
21,surfing,no
22,surfing,no
23,fishing,no
24,,no
25,,no
26,swimming,no
27,swimming,no
28,surfing,no
29,surfing,no
30,surfing,no
31,fishing,no
32,surfing,no
33,swimming,no
34,surfing,no
35,,no
36,,no
37,swimming,no
38,surfing,no
39,swimming,no
40,swimming,no
41,fishing,no
42,,no
43,swimming,no
44,fishing,no
45,swimming,no
46,fishing,no
47,,no
48,fishing,no
49,swimming,no
50,swimming,no
51,surfing,no
52,surfing,no
53,surfing,no
54,surfing,no
55,fishing,no
56,swimming,no
57,swimming,no
58,swimming,yes
59,boat,yes
60,fishing,no
61,surfing,no
62,surfing,no
63,surfing,no
64,swimming,yes
65,swimming,no
66,surfing,no
67,,no
68,swimming,no
69,surfing,no
70,swimming,no
71,fishing,no
72,,no
73,swimming,no
74,surfing,no
75,swimming,no
76,swimming,no
77,surfing,no
78,surfing,no
79,surfing,no
80,surfing,no
81,surfing,no
82,surfing,no
83,surfing,no
84,swimming,no
85,fishing,no
86,fishing,no
87,surfing,no
88,swimming,no
89,surfing,no
90,fishing,no
91,swimming,yes
92,surfing,no
93,swimming,no
94,swimming,no
95,surfing,no
96,surfing,no
97,,no
98,swimming,no
99,,no
100,,no
101,fishing,no
102,swimming,no
103,swimming,no
104,fishing,no
105,fishing,no
106,,no
107,swimming,no
108,,no
109,swimming,no
110,fishing,no
111,surfing,no
112,,no
113,swimming,no
114,,no
115,swimming,no
116,,no
117,,no
118,surfing,no
119,surfing,no
120,,no
121,swimming,no
122,fishing,no
123,surfing,no
124,fishing,no
125,fishing,no
126,swimming,no
127,surfing,no
128,swimming,no
129,,no
130,swimming,no
131,surfing,no
132,,no
133,,no
134,surfing,no
135,surfing,no
136,surfing,no
137,fishing,no
138,swimming,no
139,,no
140,,no
141,fishing,no
142,fishing,no
143,,no
144,swimming,yes
145,surfing,no
146,swimming,no
147,surfing,no
148,surfing,no
149,,yes
150,,no
151,,no
152,swimming,no
153,swimming,no
154,,no
155,surfing,yes
156,surfing,no
157,surfing,no
158,surfing,no
159,swimming,no
160,surfing,no
161,,no
162,swimming,no
163,swimming,no
164,swimming,no
165,,no
166,swimming,no
167,surfing,no
168,,no
169,,no
170,fishing,no
171,,no
172,swimming,no
173,surfing,no
174,,yes
175,fishing,no
176,swimming,no
177,,no
178,fishing,no
179,,no
180,swimming,no
181,swimming,no
182,,no
183,swimming,no
184,swimming,no
185,,no
186,surfing,no
187,fishing,no
188,,no
189,,no
190,surfing,no
191,swimming,no
192,surfing,no
193,swimming,no
194,fishing,no
195,surfing,no
196,surfing,no
197,surfing,no
198,fishing,no
199,,no
200,surfing,no
201,surfing,no
202,surfing,no
203,surfing,no
204,surfing,no
205,swimming,no
206,swimming,no
207,surfing,no
208,surfing,no
209,surfing,no
210,surfing,no
211,surfing,no
212,surfing,no
213,surfing,no
214,surfing,no
215,surfing,no
216,surfing,no
217,surfing,no
218,fishing,no
219,,no
220,swimming,no
221,surfing,yes
222,,no
223,surfing,no
224,,no
225,fishing,no
226,swimming,no
227,surfing,no
228,surfing,no
229,surfing,no
230,,no
231,swimming,no
232,,no
233,surfing,no
234,swimming,no
235,swimming,no
236,,no
237,,no
238,surfing,no
239,surfing,no
240,surfing,no
241,fishing,no
242,fishing,no
243,fishing,no
244,surfing,no
245,,no
246,surfing,no
247,swimming,no
248,swimming,no
249,,no
250,fishing,no
251,fishing,no
252,fishing,no
253,swimming,no
254,fishing,no
255,,no
256,surfing,no
257,swimming,no
258,fishing,no
259,,no
260,,no
261,surfing,no
262,fishing,no
263,,no
264,,no
265,surfing,no
266,swimming,no
267,swimming,yes
268,swimming,no
269,fishing,no
270,surfing,no
271,surfing,yes
272,swimming,no
273,swimming,no
274,swimming,no
275,swimming,no
276,swimming,no
277,swimming,no
278,,no
279,,no
280,fishing,no
281,surfing,no
282,surfing,no
283,surfing,no
284,swimming,no
285,fishing,unknown
286,fishing,no
287,fishing,no
288,,yes
289,,no
290,fishing,no
291,,no
292,swimming,no
293,surfing,no
294,,no
295,surfing,no
296,,no
297,surfing,no
298,surfing,no
299,swimming,yes
300,,no
301,fishing,no
302,swimming,no
303,surfing,no
304,fishing,no
305,,no
306,,no
307,surfing,no
308,,no
309,surfing,no
310,swimming,no
311,fishing,no
312,surfing,no
313,surfing,no
314,fishing,no
315,fishing,no
316,,no
317,surfing,no
318,,no
319,fishing,no
320,fishing,no
321,swimming,no
322,,no
323,surfing,no
324,swimming,no
325,,yes
326,fishing,no
327,fishing,no
328,swimming,no
329,swimming,no
330,surfing,no
331,swimming,no
332,surfing,no
333,surfing,no
334,surfing,no
335,swimming,no
336,,no
337,fishing,no
338,fishing,no
339,,no
340,surfing,no
341,surfing,no
342,surfing,no
343,fishing,yes
344,surfing,no
345,swimming,no
346,fishing,no
347,,no
348,surfing,no
349,fishing,no
350,surfing,no
351,,no
352,,no
353,surfing,no
354,surfing,no
355,swimming,no
356,fishing,no
357,surfing,no
358,fishing,no
359,,no
360,fishing,no
361,fishing,no
362,swimming,no
363,surfing,no
364,surfing,no
365,,no
366,fishing,no
367,surfing,no
368,,no
369,,no
370,fishing,no
371,surfing,no
372,surfing,no
373,,no
374,surfing,no
375,surfing,no
376,,no
377,fishing,no
378,swimming,no
379,fishing,no
380,surfing,no
381,surfing,no
382,surfing,no
383,surfing,no
384,,no
385,swimming,yes
386,fishing,no
387,surfing,no
388,surfing,no
389,surfing,no
390,surfing,no
391,,no
392,swimming,no
393,fishing,no
394,,no
395,surfing,no
396,,no
397,swimming,no
398,surfing,no
399,,no
400,swimming,no
401,,no
402,swimming,no
403,surfing,no
404,,no
405,swimming,no
406,surfing,no
407,swimming,no
408,surfing,no
409,,no
410,fishing,no
411,swimming,no
412,,no
413,,no
414,,no
415,,no
416,,no
417,,no
418,surfing,no
419,,no
420,,no
421,fishing,no
422,swimming,no
423,surfing,no
424,,no
425,swimming,yes
426,swimming,no
427,surfing,no
428,swimming,no
429,swimming,yes
430,,no
431,surfing,no
432,surfing,no
433,,no
434,surfing,yes
435,,no
436,fishing,no
437,swimming,no
438,surfing,no
439,fishing,no
440,swimming,yes
441,swimming,no
442,,no
443,fishing,no
444,fishing,no
445,,no
446,,no
447,swimming,yes
448,surfing,yes
449,surfing,no
450,surfing,no
451,,no
452,fishing,no
453,surfing,no
454,,no
455,fishing,no
456,surfing,no
457,fishing,no
458,,no
459,swimming,no
460,swimming,no
461,surfing,no
462,,no
463,surfing,no
464,fishing,yes
465,,no
466,swimming,no
467,surfing,no
468,fishing,no
469,swimming,no
470,fishing,yes
471,fishing,no
472,surfing,no
473,fishing,yes
474,fishing,no
475,,no
476,surfing,no
477,swimming,no
478,surfing,no
479,surfing,no
480,surfing,no
481,surfing,no
482,,no
483,,no
484,,no
485,surfing,no
486,surfing,no
487,,no
488,surfing,no
489,,no
490,surfing,no
491,fishing,no
492,surfing,no
493,,no
494,,no
495,surfing,no
496,surfing,no
497,surfing,no
498,fishing,no
499,surfing,no
500,swimming,yes
501,fishing,no
502,,no
503,fishing,no
504,,no
505,surfing,no
506,surfing,no
507,,no
508,fishing,no
509,swimming,no
510,surfing,no
511,,no
512,fishing,no
513,,no
514,fishing,no
515,,no
516,,no
517,fishing,no
518,swimming,no
519,swimming,no
520,,no
521,swimming,no
522,surfing,no
523,,no
524,surfing,no
525,,no
526,swimming,no
527,surfing,no
528,,no
529,,no
530,swimming,no
531,swimming,no
532,swimming,no
533,surfing,no
534,surfing,no
535,swimming,no
536,surfing,no
537,surfing,no
538,,no
539,fishing,no
540,surfing,no
541,,no
542,,no
543,fishing,no
544,,no
545,,no
546,surfing,no
547,,no
548,swimming,no
549,surfing,no
550,,no
551,,no
552,swimming,no
553,,no
554,,no
555,surfing,no
556,,no
557,surfing,no
558,swimming,no
559,swimming,no
560,swimming,no
561,surfing,no
562,fishing,no
563,swimming,no
564,,no
565,,no
566,fishing,no
567,surfing,no
568,surfing,no
569,swimming,yes
570,swimming,no
571,swimming,yes
572,surfing,no
573,surfing,no
574,surfing,no
575,surfing,no
576,,no
577,swimming,no
578,swimming,no
579,surfing,no
580,surfing,no
581,boat,no
582,swimming,yes
583,fishing,no
584,surfing,no
585,fishing,no
586,fishing,no
587,,no
588,swimming,no
589,,no
590,swimming,no
591,surfing,no
592,fishing,no
593,,no
594,surfing,no
595,surfing,no
596,fishing,yes
597,,yes
598,swimming,no
599,surfing,yes
600,surfing,no
601,surfing,no
602,fishing,no
603,,no
604,surfing,no
605,,no
606,swimming,no
607,,no
608,swimming,no
609,surfing,no
610,swimming,no
611,surfing,no
612,,no
613,swimming,yes
614,swimming,no
615,surfing,no
616,,no
617,surfing,no
618,swimming,no
619,,no
620,swimming,no
621,surfing,no
622,swimming,no
623,surfing,no
624,,unknown
625,surfing,no
626,,no
627,swimming,no
628,,no
629,,no
630,,no
631,fishing,no
632,swimming,no
633,swimming,no
634,fishing,no
635,,no
636,,no
637,surfing,no
638,surfing,no
639,swimming,yes
640,,no
641,surfing,no
642,,no
643,fishing,no
644,swimming,no
645,swimming,no
646,fishing,no
647,,no
648,surfing,no
649,fishing,no
650,swimming,no
651,swimming,yes
652,surfing,no
653,swimming,no
654,swimming,yes
655,swimming,yes
656,,no
657,swimming,no
658,surfing,no
659,fishing,no
660,,no
661,fishing,no
662,swimming,no
663,swimming,no
664,swimming,no
665,swimming,no
666,surfing,no
667,surfing,no
668,,no
669,fishing,no
670,surfing,no
671,swimming,no
672,swimming,no
673,,yes
674,fishing,no
675,surfing,no
676,surfing,no
677,,yes
678,surfing,no
679,fishing,no
680,swimming,no
681,fishing,no
682,surfing,no
683,swimming,no
684,surfing,no
685,,yes
686,,no
687,swimming,no
688,,no
689,surfing,no
690,surfing,no
691,swimming,no
692,swimming,no
693,fishing,no
694,fishing,no
695,surfing,no
696,fishing,yes
697,fishing,no
698,swimming,no
699,swimming,no
700,swimming,yes
701,surfing,no
702,surfing,no
703,surfing,no
704,swimming,no
705,,no
706,fishing,no
707,surfing,no
708,,no
709,surfing,no
710,fishing,no
711,swimming,no
712,swimming,no
713,surfing,no
714,,no
715,swimming,yes
716,surfing,no
717,surfing,no
718,fishing,no
719,swimming,no
720,swimming,no
721,,no
722,swimming,yes
723,surfing,no
724,swimming,no
725,surfing,no
726,surfing,no
727,swimming,no
728,surfing,yes
729,,no
730,surfing,no
731,,no
732,,no
733,swimming,no
734,surfing,no
735,,no
736,surfing,no
737,surfing,no
738,surfing,no
739,swimming,no
740,surfing,no
741,surfing,no
742,swimming,no
743,surfing,no
744,surfing,no
745,surfing,no
746,,no
747,fishing,no
748,swimming,no
749,fishing,no
750,surfing,no
751,swimming,yes
752,swimming,no
753,fishing,no
754,swimming,no
755,surfing,no
756,fishing,no
757,surfing,no
758,surfing,no
759,surfing,no
760,surfing,no
761,,no
762,surfing,yes
763,swimming,no
764,surfing,no
765,surfing,yes
766,swimming,no
767,fishing,no
768,swimming,no
769,,no
770,surfing,no
771,swimming,no
772,swimming,no
773,surfing,no
774,,no
775,surfing,no
776,swimming,no
777,surfing,no
778,,no
779,,no
780,fishing,no
781,swimming,no
782,swimming,no
783,swimming,no
784,swimming,no
785,surfing,no
786,,unknown
787,surfing,no
788,surfing,no
789,,no
790,,no
791,swimming,no
792,surfing,no
793,fishing,no
794,fishing,no
795,fishing,no
796,swimming,no
797,,no
798,surfing,no
799,,yes
800,,no
801,surfing,no
802,,no
803,swimming,yes
804,surfing,no
805,fishing,no
806,surfing,no
807,surfing,no
808,surfing,no
809,surfing,no
810,surfing,no
811,swimming,no
812,,no
813,surfing,no
814,surfing,no
815,fishing,no
816,surfing,no
817,fishing,no
818,fishing,no
819,surfing,no
820,swimming,no
821,swimming,no
822,swimming,no
823,fishing,no
824,surfing,no
825,swimming,yes
826,surfing,no
827,surfing,no
828,fishing,no
829,,no
830,swimming,no
831,surfing,no
832,surfing,no
833,,no
834,fishing,no
835,surfing,no
836,surfing,no
837,surfing,no
838,surfing,no
839,fishing,no
840,surfing,no
841,surfing,no
842,swimming,no
843,,no
844,swimming,no
845,surfing,no
846,swimming,no
847,surfing,no
848,surfing,no
849,swimming,no
850,swimming,yes
851,surfing,no
852,swimming,no
853,surfing,no
854,surfing,no
855,swimming,yes
856,,no
857,fishing,no
858,,no
859,surfing,no
860,fishing,no
861,swimming,no
862,fishing,no
863,,no
864,,no
865,,yes
866,swimming,yes
867,surfing,no
868,surfing,no
869,surfing,no
870,surfing,no
871,,yes
872,surfing,no
873,surfing,no
874,swimming,no
875,fishing,no
876,,no
877,surfing,no
878,,no
879,surfing,yes
880,swimming,no
881,,no
882,,no
883,swimming,no
884,surfing,no
885,,no
886,swimming,yes
887,surfing,no
888,swimming,no
889,swimming,yes
890,swimming,no
891,,no
892,fishing,no
893,surfing,no
894,,no
895,,no
896,surfing,no
897,swimming,no
898,swimming,no
899,fishing,no
900,surfing,no
901,,no
902,swimming,no
903,surfing,no
904,swimming,no
905,surfing,no
906,surfing,no
907,,no
908,fishing,no
909,surfing,yes
910,,yes
911,fishing,no
912,swimming,no
913,fishing,no
914,fishing,no
915,,no
916,swimming,no
917,,no
918,surfing,no
919,surfing,no
920,,no
921,fishing,yes
922,surfing,no
923,,yes
924,surfing,no
925,fishing,no
926,fishing,no
927,fishing,no
928,fishing,no
929,fishing,no
930,surfing,no
931,surfing,no
932,surfing,no
933,swimming,no
934,,no
935,swimming,no
936,surfing,no
937,swimming,no
938,swimming,no
939,,no
940,,no
941,surfing,no
942,fishing,no
943,fishing,no
944,surfing,no
945,swimming,yes
946,fishing,no
947,swimming,no
948,fishing,no
949,surfing,no
950,swimming,no
951,fishing,no
952,swimming,no
953,swimming,no
954,surfing,yes
955,,no
956,fishing,no
957,,no
958,surfing,no
959,surfing,no
960,swimming,yes
961,surfing,no
962,swimming,no
963,swimming,no
964,swimming,no
965,swimming,no
966,fishing,no
967,swimming,no
968,swimming,no
969,swimming,yes
970,surfing,no
971,fishing,no
972,swimming,no
973,fishing,no
974,surfing,no
975,fishing,no
976,swimming,no
977,surfing,no
978,,yes
979,swimming,no
980,surfing,no
981,swimming,no
982,surfing,no
983,surfing,no
984,surfing,no
985,surfing,no
986,swimming,yes
987,surfing,no
988,swimming,no
989,swimming,no
990,surfing,no
991,surfing,no
992,surfing,no
993,,no
994,swimming,no
995,,no
996,surfing,yes
997,fishing,no
998,fishing,no
999,swimming,no
1000,surfing,no
1001,surfing,no
1002,surfing,no
1003,swimming,no
1004,,no
1005,,no
1006,,no
1007,surfing,no
1008,swimming,no
1009,swimming,no
1010,surfing,no
1011,swimming,no
1012,fishing,no
1013,fishing,no
1014,swimming,no
1015,fishing,no
1016,surfing,no
1017,,no
1018,surfing,no
1019,,no
1020,swimming,no
1021,swimming,no
1022,,no
1023,surfing,no
1024,surfing,no
1025,fishing,no
1026,,no
1027,swimming,no
1028,surfing,no
1029,swimming,no
1030,,no
1031,,no
1032,surfing,no
1033,surfing,no
1034,swimming,no
1035,surfing,no
1036,swimming,no
1037,surfing,no
1038,swimming,yes
1039,swimming,no
1040,surfing,no
1041,fishing,no
1042,,no
1043,surfing,no
1044,swimming,no
1045,,yes
1046,,no
1047,surfing,no
1048,surfing,no
1049,surfing,no
1050,surfing,no
1051,,yes
1052,swimming,no
1053,,no
1054,,no
1055,swimming,no
1056,fishing,no
1057,surfing,no
1058,,no
1059,swimming,no
1060,swimming,no
1061,,no
1062,fishing,no
1063,,yes
1064,surfing,no
1065,swimming,yes
1066,surfing,no
1067,,no
1068,swimming,no
1069,surfing,no
1070,,no
1071,fishing,no
1072,surfing,no
1073,surfing,no
1074,surfing,no
1075,,no
1076,surfing,no
1077,,no
1078,fishing,no
1079,,no
1080,surfing,no
1081,surfing,no
1082,,no
1083,swimming,no
1084,swimming,no
1085,surfing,no
1086,fishing,no
1087,swimming,no
1088,,no
1089,fishing,no
1090,,yes
1091,swimming,yes
1092,swimming,yes
1093,swimming,no
1094,fishing,no
1095,surfing,no
1096,surfing,yes
1097,swimming,no
1098,,no
1099,swimming,no
1100,surfing,no
1101,fishing,no
1102,fishing,no
1103,surfing,no
1104,swimming,no
1105,,yes
1106,,no
1107,swimming,no
1108,swimming,no
1109,swimming,no
1110,swimming,no
1111,fishing,no
1112,surfing,no
1113,surfing,no
1114,,no
1115,swimming,no
1116,surfing,no
1117,surfing,no
1118,,no
1119,fishing,no
1120,swimming,no
1121,swimming,no
1122,swimming,yes
1123,fishing,no
1124,swimming,no
1125,surfing,no
1126,surfing,no
1127,surfing,no
1128,fishing,no
1129,fishing,no
1130,,no
1131,surfing,no
1132,surfing,no
1133,swimming,no
1134,surfing,no
1135,surfing,no
1136,fishing,no
1137,surfing,no
1138,swimming,no
1139,fishing,no
1140,,no
1141,fishing,no
1142,surfing,yes
1143,surfing,no
1144,surfing,no
1145,surfing,no
1146,surfing,no
1147,fishing,no
1148,swimming,no
1149,,no
1150,surfing,yes
1151,fishing,no
1152,fishing,no
1153,surfing,no
1154,fishing,no
1155,surfing,no
1156,surfing,no
1157,surfing,no
1158,,yes
1159,surfing,no
1160,surfing,no
1161,fishing,no
1162,,no
1163,fishing,no
1164,fishing,no
1165,swimming,no
1166,swimming,yes
1167,swimming,no
1168,fishing,no
1169,surfing,no
1170,,yes
1171,swimming,no
1172,surfing,no
1173,surfing,no
1174,fishing,no
1175,surfing,no
1176,swimming,no
1177,fishing,no
1178,,no
1179,boat,no
1180,,no
1181,,no
1182,swimming,yes
1183,,no
1184,fishing,no
1185,fishing,no
1186,fishing,no
1187,fishing,yes
1188,swimming,no
1189,boat,no
1190,,no
1191,fishing,no
1192,fishing,yes
1193,fishing,yes
1194,swimming,no
1195,fishing,no
1196,fishing,no
1197,surfing,no
1198,fishing,no
1199,fishing,no
1200,surfing,no
1201,surfing,no
1202,swimming,no
1203,swimming,no
1204,surfing,no
1205,surfing,no
1206,surfing,no
1207,surfing,no
1208,surfing,no
1209,surfing,no
1210,surfing,no
1211,surfing,no
1212,swimming,no
1213,fishing,no
1214,surfing,no
1215,surfing,no
1216,surfing,no
1217,surfing,no
1218,swimming,no
1219,,no
1220,,no
1221,,no
1222,swimming,no
1223,surfing,no
1224,,no
1225,surfing,no
1226,swimming,no
1227,swimming,no
1228,surfing,no
1229,swimming,no
1230,,no
1231,,no
1232,surfing,no
1233,,no
1234,swimming,no
1235,surfing,no
1236,surfing,no
1237,swimming,no
1238,,no
1239,,no
1240,,no
1241,fishing,no
1242,surfing,no
1243,swimming,no
1244,surfing,no
1245,swimming,no
1246,surfing,no
1247,,no
1248,,no
1249,surfing,no
1250,surfing,no
1251,fishing,no
1252,surfing,no
1253,swimming,no
1254,surfing,no
1255,,no
1256,surfing,no
1257,surfing,yes
1258,swimming,yes
1259,swimming,no
1260,fishing,no
1261,,no
1262,fishing,no
1263,surfing,yes
1264,surfing,no
1265,surfing,no
1266,swimming,no
1267,surfing,no
1268,swimming,yes
1269,surfing,no
1270,,unknown
1271,swimming,no
1272,swimming,no
1273,surfing,no
1274,surfing,no
1275,fishing,no
1276,,no
1277,surfing,no
1278,,yes
1279,surfing,no
1280,surfing,no
1281,surfing,no
1282,,no
1283,surfing,no
1284,,no
1285,,no
1286,surfing,no
1287,swimming,yes
1288,fishing,no
1289,surfing,no
1290,surfing,no
1291,surfing,no
1292,swimming,no
1293,surfing,no
1294,,no
1295,,no
1296,,no
1297,surfing,no
1298,fishing,no
1299,surfing,no
1300,surfing,no
1301,swimming,no
1302,surfing,no
1303,swimming,no
1304,swimming,no
1305,surfing,no
1306,surfing,no
1307,fishing,no
1308,fishing,no
1309,surfing,no
1310,surfing,no
1311,surfing,no
1312,surfing,no
1313,surfing,no
1314,swimming,no
1315,,no
1316,surfing,no
1317,fishing,no
1318,surfing,no
1319,surfing,no
1320,surfing,no
1321,boat,yes
1322,swimming,yes
1323,fishing,no
1324,surfing,no
1325,swimming,no
1326,swimming,no
1327,surfing,no
1328,surfing,no
1329,fishing,no
1330,,no
1331,surfing,no
1332,swimming,no
1333,,no
1334,,no
1335,,no
1336,,no
1337,swimming,no
1338,,no
1339,surfing,no
1340,surfing,no
1341,surfing,no
1342,swimming,no
1343,fishing,no
1344,swimming,no
1345,surfing,no
1346,,no
1347,boat,no
1348,swimming,no
1349,surfing,no
1350,swimming,no
1351,,no
1352,,no
1353,surfing,no
1354,surfing,no
1355,surfing,no
1356,fishing,no
1357,swimming,no
1358,,no
1359,swimming,no
1360,swimming,no
1361,swimming,no
1362,,no
1363,fishing,no
1364,surfing,no
1365,,no
1366,,no
1367,,no
1368,swimming,no
1369,surfing,no
1370,surfing,no
1371,surfing,no
1372,swimming,no
1373,surfing,no
1374,,no
1375,,no
1376,fishing,no
1377,,no
1378,surfing,no
1379,surfing,no
1380,swimming,no
1381,swimming,no
1382,swimming,no
1383,swimming,no
1384,,yes
1385,,no
1386,swimming,no
1387,,no
1388,surfing,no
1389,fishing,no
1390,surfing,no
1391,,no
1392,surfing,no
1393,,no
1394,,yes
1395,surfing,no
1396,surfing,no
1397,fishing,no
1398,swimming,no
1399,surfing,no
1400,fishing,no
1401,swimming,no
1402,,no
1403,fishing,no
1404,swimming,no
1405,,no
1406,swimming,no
1407,swimming,no
1408,surfing,yes
1409,surfing,no
1410,surfing,no
1411,surfing,no
1412,surfing,no
1413,surfing,no
1414,surfing,no
1415,fishing,no
1416,,no
1417,,yes
1418,swimming,no
1419,,no
1420,surfing,no
1421,fishing,no
1422,surfing,no
1423,surfing,no
1424,,no
1425,swimming,no
1426,,yes
1427,fishing,no
1428,surfing,no
1429,swimming,no
1430,surfing,no
1431,swimming,no
1432,surfing,no
1433,swimming,no
1434,,yes
1435,,no
1436,swimming,no
1437,surfing,no
1438,surfing,no
1439,surfing,no
1440,,no
1441,,no
1442,fishing,no
1443,,yes
1444,surfing,yes
1445,surfing,no
1446,,no
1447,,no
1448,fishing,no
1449,,no
1450,surfing,no
1451,,no
1452,surfing,no
1453,surfing,no
1454,surfing,no
1455,surfing,no
1456,,no
1457,,no
1458,swimming,no
1459,swimming,no
1460,,yes
1461,,no
1462,,no
1463,,no
1464,swimming,no
1465,fishing,no
1466,fishing,no
1467,,no
1468,fishing,no
1469,fishing,no
1470,surfing,no
1471,,yes
1472,swimming,no
1473,surfing,no
1474,,no
1475,surfing,no
1476,fishing,no
1477,,no
1478,surfing,no
1479,fishing,no
1480,surfing,no
1481,swimming,no
1482,,no
1483,swimming,no
1484,swimming,no
1485,,no
1486,surfing,no
1487,,no
1488,fishing,no
1489,surfing,no
1490,,no
1491,swimming,no
1492,,no
1493,fishing,yes
1494,surfing,no
1495,swimming,no
1496,surfing,no
1497,surfing,no
1498,,no
1499,swimming,no
1500,,no
1501,swimming,no
1502,fishing,no
1503,surfing,no
1504,swimming,yes
1505,,no
1506,,no
1507,fishing,no
1508,,no
1509,surfing,no
1510,swimming,no
1511,swimming,no
1512,swimming,yes
1513,surfing,no
1514,swimming,no
1515,surfing,no
1516,swimming,no
1517,,no
1518,fishing,no
1519,fishing,no
1520,surfing,no
1521,surfing,no
1522,fishing,no
1523,surfing,no
1524,surfing,no
1525,fishing,no
1526,surfing,no
1527,surfing,no
1528,,no
1529,fishing,no
1530,surfing,no
1531,surfing,no
1532,surfing,no
1533,,no
1534,,no
1535,surfing,no
1536,surfing,no
1537,surfing,no
1538,,no
1539,surfing,no
1540,swimming,no
1541,surfing,no
1542,swimming,no
1543,surfing,no
1544,surfing,no
1545,surfing,no
1546,surfing,no
1547,surfing,no
1548,surfing,no
1549,surfing,yes
1550,,no
1551,,no
1552,surfing,no
1553,surfing,no
1554,,yes
1555,swimming,yes
1556,surfing,no
1557,,no
1558,swimming,no
1559,,no
1560,,no
1561,surfing,no
1562,swimming,no
1563,fishing,no
1564,,no
1565,surfing,no
1566,surfing,no
1567,swimming,no
1568,swimming,no
1569,,no
1570,swimming,no
1571,boat,no
1572,,no
1573,fishing,no
1574,swimming,yes
1575,swimming,yes
1576,surfing,no
1577,swimming,no
1578,swimming,no
1579,swimming,no
1580,,no
1581,surfing,no
1582,swimming,yes
1583,,no
1584,swimming,no
1585,,no
1586,surfing,no
1587,fishing,no
1588,,no
1589,fishing,no
1590,,no
1591,surfing,no
1592,fishing,no
1593,,no
1594,fishing,no
1595,surfing,no
1596,,no
1597,surfing,no
1598,surfing,no
1599,,no
1600,swimming,no
1601,surfing,no
1602,surfing,no
1603,surfing,no
1604,swimming,yes
1605,swimming,no
1606,,no
1607,fishing,no
1608,swimming,no
1609,swimming,no
1610,fishing,no
1611,surfing,no
1612,fishing,no
1613,surfing,no
1614,swimming,no
1615,fishing,no
1616,boat,no
1617,fishing,no
1618,,no
1619,surfing,yes
1620,fishing,yes
1621,surfing,no
1622,,no
1623,swimming,yes
1624,surfing,no
1625,swimming,no
1626,swimming,no
1627,swimming,no
1628,,no
1629,,no
1630,surfing,no
1631,surfing,no
1632,fishing,no
1633,surfing,no
1634,,no
1635,surfing,no
1636,surfing,no
1637,fishing,no
1638,surfing,no
1639,surfing,no
1640,swimming,yes
1641,,no
1642,,no
1643,swimming,no
1644,surfing,no
1645,swimming,yes
1646,swimming,no
1647,fishing,no
1648,fishing,no
1649,surfing,no
1650,swimming,no
1651,surfing,no
1652,swimming,no
1653,swimming,no
1654,fishing,no
1655,fishing,no
1656,fishing,no
1657,surfing,yes
1658,swimming,no
1659,,no
1660,surfing,no
1661,fishing,no
1662,swimming,no
1663,,no
1664,swimming,no
1665,swimming,yes
1666,,no
1667,swimming,no
1668,surfing,no
1669,swimming,no
1670,swimming,no
1671,,no
1672,,no
1673,swimming,no
1674,surfing,no
1675,swimming,yes
1676,swimming,no
1677,fishing,no
1678,fishing,yes
1679,fishing,yes
1680,surfing,yes
1681,surfing,no
1682,surfing,no
1683,,no
1684,surfing,no
1685,,no
1686,surfing,no
1687,surfing,no
1688,swimming,no
1689,swimming,no
1690,fishing,no
1691,surfing,no
1692,fishing,no
1693,swimming,yes
1694,surfing,no
1695,swimming,no
1696,swimming,no
1697,swimming,yes
1698,swimming,no
1699,swimming,no
1700,surfing,no
1701,,no
1702,swimming,no
1703,fishing,no
1704,surfing,no
1705,swimming,no
1706,surfing,no
1707,fishing,no
1708,fishing,yes
1709,surfing,no
1710,,no
1711,swimming,no
1712,swimming,no
1713,swimming,yes
1714,surfing,no
1715,swimming,no
1716,swimming,no
1717,fishing,yes
1718,surfing,no
1719,surfing,no
1720,surfing,no
1721,swimming,no
1722,surfing,no
1723,,no
1724,fishing,no
1725,surfing,no
1726,surfing,no
1727,surfing,no
1728,surfing,no
1729,swimming,no
1730,surfing,no
1731,swimming,yes
1732,surfing,no
1733,surfing,no
1734,surfing,no
1735,surfing,no
1736,fishing,no
1737,boat,yes
1738,surfing,no
1739,surfing,no
1740,surfing,no
1741,surfing,no
1742,surfing,no
1743,fishing,no
1744,swimming,no
1745,,no
1746,,no
1747,,yes
1748,fishing,no
1749,fishing,no
1750,swimming,yes
1751,swimming,no
1752,surfing,no
1753,surfing,no
1754,surfing,no
1755,,no
1756,fishing,no
1757,surfing,no
1758,surfing,no
1759,fishing,no
1760,fishing,no
1761,fishing,no
1762,swimming,no
1763,surfing,no
1764,surfing,no
1765,,yes
1766,,no
1767,swimming,no
1768,swimming,no
1769,surfing,no
1770,surfing,no
1771,swimming,no
1772,surfing,no
1773,,no
1774,swimming,no
1775,surfing,no
1776,,no
1777,,no
1778,,no
1779,swimming,no
1780,surfing,no
1781,swimming,no
1782,surfing,no
1783,surfing,no
1784,surfing,no
1785,surfing,no
1786,surfing,no
1787,,no
1788,surfing,no
1789,swimming,no
1790,surfing,no
1791,surfing,no
1792,surfing,no
1793,,no
1794,swimming,no
1795,,no
1796,swimming,no
1797,swimming,no
1798,swimming,yes
1799,,no
1800,surfing,no
1801,surfing,no
1802,swimming,no
1803,swimming,no
1804,swimming,no
1805,swimming,no
1806,swimming,yes
1807,surfing,yes
1808,swimming,no
1809,,no
1810,swimming,no
1811,swimming,no
1812,surfing,no
1813,,no
1814,fishing,no
1815,swimming,no
1816,swimming,yes
1817,surfing,no
1818,surfing,no
1819,surfing,no
1820,surfing,no
1821,surfing,no
1822,surfing,no
1823,surfing,no
1824,fishing,no
1825,swimming,no
1826,surfing,no
1827,surfing,no
1828,swimming,no
1829,,no
1830,surfing,no
1831,,no
1832,,no
1833,surfing,no
1834,swimming,no
1835,surfing,no
1836,surfing,no
1837,,no
1838,swimming,no
1839,,no
1840,surfing,no
1841,swimming,no
1842,surfing,no
1843,fishing,yes
1844,surfing,no
1845,,no
1846,surfing,no
1847,swimming,no
1848,,no
1849,,no
1850,,yes
1851,surfing,no
1852,surfing,no
1853,surfing,no
1854,swimming,no
1855,swimming,no
1856,surfing,no
1857,,no
1858,fishing,no
1859,surfing,no
1860,surfing,no
1861,,no
1862,fishing,no
1863,surfing,no
1864,fishing,no
1865,surfing,yes
1866,fishing,no
1867,surfing,no
1868,surfing,no
1869,swimming,no
1870,,no
1871,,no
1872,swimming,no
1873,,no
1874,,no
1875,swimming,yes
1876,swimming,no
1877,swimming,no
1878,surfing,no
1879,fishing,no
1880,fishing,yes
1881,surfing,no
1882,,yes
1883,,no
1884,surfing,no
1885,swimming,no
1886,fishing,no
1887,swimming,yes
1888,surfing,no
1889,swimming,no
1890,surfing,no
1891,surfing,no
1892,surfing,no
1893,surfing,no
1894,,no
1895,swimming,no
1896,surfing,no
1897,,no
1898,surfing,no
1899,surfing,no
1900,swimming,yes
1901,,no
1902,surfing,no
1903,swimming,no
1904,fishing,no
1905,,no
1906,swimming,no
1907,swimming,yes
1908,swimming,no
1909,,no
1910,swimming,yes
1911,fishing,no
1912,,no
1913,,no
1914,,no
1915,,no
1916,surfing,no
1917,surfing,no
1918,surfing,no
1919,surfing,no
1920,surfing,no
1921,surfing,no
1922,surfing,no
1923,surfing,no
1924,fishing,no
1925,boat,no
1926,,no
1927,swimming,no
1928,fishing,no
1929,,no
1930,,no
1931,,no
1932,fishing,no
1933,surfing,no
1934,,no
1935,surfing,no
1936,swimming,no
1937,,no
1938,,no
1939,swimming,no
1940,fishing,no
1941,,no
1942,,no
1943,,no
1944,swimming,no
1945,swimming,no
1946,fishing,no
1947,,no
1948,surfing,no
1949,surfing,no
1950,surfing,no
1951,fishing,yes
1952,,no
1953,surfing,no
1954,surfing,no
1955,,no
1956,surfing,no
1957,surfing,no
1958,,no
1959,surfing,no
1960,surfing,no
1961,surfing,no
1962,surfing,no
1963,surfing,no
1964,surfing,no
1965,swimming,no
1966,surfing,no
1967,,no
1968,surfing,no
1969,,no
1970,surfing,no
1971,,no
1972,swimming,yes
1973,,yes
1974,fishing,no
1975,,no
1976,surfing,no
1977,,no
1978,swimming,no
1979,fishing,no
1980,surfing,no
1981,,no
1982,swimming,no
1983,swimming,yes
1984,fishing,no
1985,swimming,no
1986,fishing,no
1987,surfing,yes
1988,swimming,no
1989,boat,no
1990,swimming,no
1991,,no
1992,swimming,no
1993,swimming,yes
1994,surfing,no
1995,fishing,no
1996,surfing,no
1997,swimming,no
1998,swimming,no
1999,surfing,no
2000,surfing,no
2001,surfing,no
2002,surfing,no
2003,surfing,no
2004,surfing,yes
2005,surfing,yes
2006,,no
2007,surfing,yes
2008,,no
2009,surfing,no
2010,surfing,no
2011,surfing,no
2012,swimming,no
2013,swimming,no
2014,swimming,yes
2015,,no
2016,surfing,no
2017,swimming,yes
2018,swimming,no
2019,,yes
2020,,no
2021,swimming,no
2022,surfing,no
2023,surfing,no
2024,,no
2025,swimming,no
2026,,no
2027,swimming,yes
2028,,no
2029,swimming,no
2030,surfing,no
2031,surfing,no
2032,surfing,no
2033,surfing,no
2034,surfing,no
2035,swimming,no
2036,,no
2037,swimming,no
2038,,no
2039,,no
2040,,no
2041,fishing,no
2042,,no
2043,,no
2044,swimming,yes
2045,,yes
2046,fishing,no
2047,,no
2048,boat,no
2049,surfing,no
2050,swimming,no
2051,swimming,no
2052,swimming,no
2053,swimming,yes
2054,,yes
2055,,no
2056,,no
2057,swimming,yes
2058,,no
2059,,no
2060,fishing,no
2061,swimming,no
2062,,no
2063,surfing,no
2064,fishing,yes
2065,surfing,no
2066,,no
2067,,no
2068,,no
2069,swimming,no
2070,fishing,no
2071,,no
2072,surfing,no
2073,,no
2074,surfing,no
2075,surfing,no
2076,,yes
2077,swimming,yes
2078,fishing,no
2079,surfing,no
2080,swimming,no
2081,swimming,no
2082,surfing,no
2083,swimming,no
2084,fishing,no
2085,surfing,no
2086,surfing,no
2087,swimming,no
2088,surfing,no
2089,surfing,no
2090,surfing,no
2091,swimming,no
2092,swimming,no
2093,,no
2094,surfing,no
2095,surfing,no
2096,surfing,no
2097,surfing,no
2098,fishing,no
2099,,no
2100,,no
2101,,no
2102,surfing,no
2103,,no
2104,surfing,no
2105,surfing,no
2106,surfing,no
2107,fishing,no
2108,surfing,no
2109,,no
2110,surfing,no
2111,fishing,no
2112,surfing,no
2113,swimming,no
2114,surfing,no
2115,,yes
2116,,no
2117,fishing,no
2118,surfing,no
2119,,no
2120,surfing,no
2121,swimming,no
2122,,no
2123,surfing,yes
2124,surfing,no
2125,swimming,no
2126,swimming,yes
2127,surfing,no
2128,swimming,no
2129,,no
2130,swimming,yes
2131,fishing,no
2132,fishing,no
2133,surfing,no
2134,swimming,no
2135,,no
2136,surfing,no
2137,surfing,no
2138,fishing,no
2139,,no
2140,boat,no
2141,fishing,no
2142,fishing,yes
2143,fishing,no
2144,surfing,no
2145,surfing,no
2146,,no
2147,surfing,no
2148,,no
2149,surfing,no
2150,swimming,yes
2151,surfing,no
2152,,no
2153,surfing,no
2154,fishing,no
2155,surfing,yes
2156,swimming,no
2157,surfing,no
2158,surfing,no
2159,surfing,no
2160,swimming,no
2161,,no
2162,surfing,no
2163,surfing,no
2164,fishing,no
2165,surfing,no
2166,fishing,no
2167,surfing,no
2168,fishing,no
2169,,no
2170,fishing,no
2171,fishing,no
2172,,no
2173,,no
2174,surfing,no
2175,fishing,no
2176,surfing,no
2177,surfing,no
2178,,no
2179,surfing,no
2180,surfing,no
2181,swimming,yes
2182,,yes
2183,surfing,no
2184,surfing,no
2185,surfing,no
2186,,no
2187,,no
2188,surfing,no
2189,swimming,no
2190,surfing,no
2191,,no
2192,,yes
2193,surfing,no
2194,swimming,no
2195,swimming,yes
2196,,no
2197,swimming,no
2198,swimming,no
2199,swimming,no
2200,swimming,no
2201,fishing,no
2202,surfing,no
2203,swimming,yes
2204,surfing,no
2205,surfing,no
2206,surfing,no
2207,surfing,yes
2208,swimming,yes
2209,swimming,no
2210,fishing,yes
2211,surfing,no
2212,,no
2213,swimming,no
2214,swimming,no
2215,swimming,no
2216,,no
2217,surfing,no
2218,surfing,no
2219,surfing,no
2220,surfing,no
2221,fishing,no
2222,swimming,no
2223,swimming,yes
2224,surfing,no
2225,surfing,no
2226,surfing,no
2227,surfing,no
2228,surfing,no
2229,surfing,no
2230,swimming,no
2231,swimming,yes
2232,,no
2233,fishing,no
2234,fishing,yes
2235,,no
2236,surfing,no
2237,,no
2238,fishing,no
2239,surfing,no
2240,surfing,no
2241,surfing,no
2242,surfing,yes
2243,surfing,no
2244,,no
2245,fishing,yes
2246,surfing,no
2247,swimming,no
2248,swimming,no
2249,surfing,no
2250,swimming,unknown
2251,surfing,no
2252,fishing,no
2253,surfing,no
2254,surfing,no
2255,fishing,no
2256,fishing,no
2257,surfing,no
2258,swimming,no
2259,swimming,no
2260,,unknown
2261,,no
2262,,no
2263,swimming,no
2264,surfing,yes
2265,fishing,yes
2266,,no
2267,surfing,unknown
2268,surfing,no
2269,fishing,yes
2270,,no
2271,surfing,no
2272,surfing,no
2273,surfing,no
2274,surfing,no
2275,swimming,yes
2276,surfing,no
2277,surfing,no
2278,surfing,no
2279,,no
2280,swimming,no
2281,swimming,no
2282,surfing,no
2283,,no
2284,surfing,no
2285,,no
2286,fishing,no
2287,,no
2288,swimming,no
2289,fishing,no
2290,,no
2291,swimming,yes
2292,swimming,no
2293,swimming,no
2294,swimming,no
2295,,unknown
2296,,no
2297,,no
2298,swimming,no
2299,surfing,no
2300,surfing,no
2301,surfing,no
2302,surfing,no
2303,swimming,yes
2304,surfing,no
2305,swimming,yes
2306,surfing,no
2307,,unknown
2308,swimming,no
2309,swimming,no
2310,swimming,yes
2311,swimming,no
2312,fishing,no
2313,swimming,no
2314,swimming,no
2315,,yes
2316,,no
2317,swimming,yes
2318,,yes
2319,swimming,no
2320,,no
2321,swimming,no
2322,swimming,no
2323,,unknown
2324,,no
2325,surfing,yes
2326,,yes
2327,surfing,no
2328,,unknown
2329,swimming,no
2330,,no
2331,,no
2332,,no
2333,,no
2334,surfing,no
2335,,no
2336,surfing,no
2337,surfing,no
2338,surfing,no
2339,surfing,no
2340,surfing,no
2341,swimming,no
2342,,yes
2343,swimming,yes
2344,swimming,yes
2345,surfing,no
2346,swimming,no
2347,surfing,no
2348,,no
2349,surfing,no
2350,surfing,no
2351,surfing,no
2352,swimming,no
2353,swimming,no
2354,surfing,no
2355,swimming,no
2356,fishing,no
2357,,no
2358,swimming,no
2359,surfing,no
2360,,no
2361,,no
2362,fishing,no
2363,swimming,no
2364,surfing,no
2365,surfing,no
2366,surfing,no
2367,,no
2368,,no
2369,swimming,no
2370,,no
2371,surfing,yes
2372,surfing,no
2373,surfing,no
2374,fishing,no
2375,surfing,no
2376,swimming,no
2377,,no
2378,,no
2379,surfing,no
2380,swimming,no
2381,swimming,no
2382,swimming,no
2383,swimming,yes
2384,swimming,yes
2385,swimming,yes
2386,surfing,no
2387,boat,yes
2388,,unknown
2389,swimming,yes
2390,,no
2391,,no
2392,swimming,no
2393,swimming,yes
2394,surfing,no
2395,surfing,no
2396,swimming,yes
2397,swimming,no
2398,surfing,no
2399,swimming,yes
2400,surfing,no
2401,swimming,no
2402,swimming,no
2403,swimming,no
2404,,unknown
2405,,no
2406,surfing,no
2407,surfing,no
2408,surfing,no
2409,,unknown
2410,,no
2411,swimming,yes
2412,surfing,yes
2413,fishing,no
2414,surfing,no
2415,surfing,no
2416,surfing,no
2417,surfing,no
2418,,no
2419,surfing,no
2420,swimming,no
2421,surfing,no
2422,,yes
2423,,no
2424,,no
2425,surfing,no
2426,swimming,yes
2427,surfing,yes
2428,surfing,yes
2429,surfing,no
2430,surfing,no
2431,surfing,no
2432,fishing,no
2433,surfing,no
2434,surfing,no
2435,fishing,no
2436,,no
2437,,no
2438,surfing,no
2439,,no
2440,,yes
2441,,no
2442,swimming,no
2443,fishing,yes
2444,swimming,no
2445,swimming,no
2446,,no
2447,surfing,no
2448,fishing,no
2449,surfing,no
2450,fishing,no
2451,surfing,no
2452,fishing,yes
2453,swimming,no
2454,surfing,yes
2455,surfing,no
2456,fishing,no
2457,swimming,no
2458,swimming,no
2459,,no
2460,surfing,no
2461,surfing,yes
2462,swimming,no
2463,swimming,yes
2464,surfing,no
2465,,yes
2466,surfing,no
2467,swimming,no
2468,,no
2469,surfing,no
2470,swimming,yes
2471,fishing,no
2472,surfing,no
2473,surfing,yes
2474,,no
2475,,no
2476,swimming,no
2477,fishing,no
2478,surfing,no
2479,surfing,no
2480,,no
2481,,no
2482,fishing,no
2483,swimming,no
2484,fishing,yes
2485,fishing,yes
2486,surfing,no
2487,,no
2488,swimming,yes
2489,,no
2490,swimming,yes
2491,swimming,yes
2492,surfing,no
2493,swimming,yes
2494,swimming,yes
2495,swimming,yes
2496,swimming,no
2497,,yes
2498,swimming,yes
2499,fishing,no
2500,surfing,no
2501,,no
2502,,no
2503,surfing,no
2504,swimming,no
2505,swimming,no
2506,,no
2507,,no
2508,fishing,no
2509,,no
2510,fishing,no
2511,,no
2512,surfing,no
2513,surfing,no
2514,,yes
2515,fishing,no
2516,swimming,no
2517,fishing,no
2518,surfing,no
2519,swimming,no
2520,surfing,no
2521,surfing,no
2522,,no
2523,swimming,no
2524,swimming,no
2525,surfing,no
2526,,yes
2527,swimming,no
2528,surfing,no
2529,swimming,no
2530,,no
2531,surfing,yes
2532,,no
2533,surfing,no
2534,,no
2535,swimming,yes
2536,surfing,no
2537,swimming,no
2538,surfing,no
2539,fishing,no
2540,surfing,no
2541,swimming,no
2542,fishing,no
2543,fishing,no
2544,,no
2545,surfing,no
2546,surfing,no
2547,swimming,yes
2548,surfing,yes
2549,swimming,no
2550,fishing,no
2551,swimming,no
2552,swimming,no
2553,surfing,yes
2554,swimming,no
2555,swimming,no
2556,surfing,no
2557,surfing,no
2558,surfing,no
2559,swimming,yes
2560,fishing,no
2561,surfing,no
2562,,yes
2563,swimming,no
2564,surfing,no
2565,fishing,no
2566,,no
2567,swimming,no
2568,fishing,no
2569,fishing,no
2570,,no
2571,,no
2572,,yes
2573,swimming,no
2574,swimming,yes
2575,swimming,no
2576,fishing,yes
2577,fishing,no
2578,,no
2579,surfing,no
2580,surfing,no
2581,fishing,no
2582,swimming,yes
2583,,no
2584,swimming,no
2585,,no
2586,fishing,no
2587,,no
2588,swimming,no
2589,swimming,no
2590,swimming,no
2591,surfing,no
2592,surfing,no
2593,,no
2594,,yes
2595,fishing,yes
2596,surfing,no
2597,swimming,no
2598,swimming,yes
2599,surfing,no
2600,swimming,no
2601,fishing,no
2602,swimming,no
2603,surfing,no
2604,surfing,no
2605,swimming,no
2606,surfing,no
2607,fishing,no
2608,swimming,no
2609,surfing,no
2610,surfing,no
2611,,no
2612,swimming,no
2613,surfing,no
2614,surfing,no
2615,surfing,no
2616,surfing,no
2617,swimming,no
2618,surfing,no
2619,surfing,no
2620,surfing,no
2621,surfing,no
2622,fishing,no
2623,surfing,no
2624,,no
2625,swimming,no
2626,surfing,no
2627,surfing,no
2628,fishing,no
2629,,no
2630,surfing,no
2631,surfing,yes
2632,fishing,no
2633,fishing,no
2634,swimming,no
2635,swimming,no
2636,surfing,no
2637,surfing,no
2638,surfing,no
2639,swimming,yes
2640,surfing,no
2641,surfing,no
2642,surfing,no
2643,swimming,no
2644,surfing,no
2645,swimming,yes
2646,boat,no
2647,surfing,no
2648,surfing,unknown
2649,fishing,no
2650,,unknown
2651,swimming,no
2652,surfing,no
2653,swimming,yes
2654,,no
2655,swimming,no
2656,swimming,no
2657,surfing,no
2658,swimming,no
2659,surfing,no
2660,swimming,no
2661,surfing,unknown
2662,swimming,no
2663,fishing,no
2664,,no
2665,swimming,no
2666,surfing,no
2667,,no
2668,fishing,no
2669,swimming,no
2670,surfing,no
2671,surfing,no
2672,fishing,no
2673,fishing,no
2674,swimming,no
2675,surfing,no
2676,surfing,yes
2677,surfing,no
2678,,no
2679,surfing,no
2680,fishing,no
2681,surfing,no
2682,surfing,no
2683,swimming,no
2684,,no
2685,swimming,no
2686,surfing,no
2687,,no
2688,surfing,no
2689,surfing,no
2690,surfing,yes
2691,,no
2692,fishing,no
2693,surfing,no
2694,surfing,yes
2695,,no
2696,,yes
2697,,no
2698,,no
2699,swimming,yes
2700,surfing,no
2701,swimming,no
2702,swimming,no
2703,swimming,yes
2704,,yes
2705,,yes
2706,,yes
2707,surfing,no
2708,surfing,no
2709,surfing,no
2710,surfing,no
2711,surfing,no
2712,surfing,no
2713,,no
2714,surfing,no
2715,,no
2716,swimming,yes
2717,swimming,no
2718,,no
2719,,no
2720,surfing,no
2721,swimming,no
2722,swimming,no
2723,swimming,no
2724,swimming,no
2725,,no
2726,swimming,no
2727,fishing,no
2728,fishing,no
2729,swimming,no
2730,,no
2731,swimming,no
2732,surfing,no
2733,swimming,yes
2734,surfing,no
2735,surfing,no
2736,,yes
2737,surfing,no
2738,swimming,no
2739,boat,no
2740,surfing,no
2741,surfing,no
2742,,no
2743,,no
2744,surfing,no
2745,surfing,no
2746,surfing,no
2747,,no
2748,surfing,no
2749,surfing,no
2750,fishing,no
2751,swimming,no
2752,surfing,no
2753,fishing,no
2754,fishing,no
2755,,no
2756,,no
2757,surfing,no
2758,boat,yes
2759,surfing,no
2760,,no
2761,surfing,no
2762,,no
2763,surfing,no
2764,,no
2765,fishing,no
2766,,yes
2767,swimming,yes
2768,surfing,no
2769,,no
2770,surfing,no
2771,surfing,no
2772,surfing,no
2773,,no
2774,,no
2775,swimming,no
2776,fishing,no
2777,fishing,no
2778,,no
2779,surfing,no
2780,fishing,no
2781,fishing,no
2782,swimming,no
2783,swimming,yes
2784,swimming,yes
2785,surfing,no
2786,,no
2787,surfing,no
2788,,yes
2789,fishing,no
2790,swimming,no
2791,,no
2792,boat,no
2793,fishing,no
2794,,yes
2795,surfing,no
2796,,no
2797,swimming,no
2798,fishing,no
2799,fishing,no
2800,surfing,no
2801,surfing,no
2802,surfing,no
2803,,no
2804,swimming,no
2805,,no
2806,,unknown
2807,surfing,no
2808,,no
2809,surfing,no
2810,surfing,no
2811,surfing,no
2812,fishing,no
2813,swimming,no
2814,,no
2815,fishing,no
2816,,no
2817,fishing,no
2818,swimming,no
2819,swimming,yes
2820,fishing,yes
2821,swimming,no
2822,surfing,no
2823,,no
2824,surfing,no
2825,surfing,no
2826,surfing,no
2827,swimming,no
2828,fishing,no
2829,surfing,no
2830,surfing,no
2831,surfing,no
2832,surfing,no
2833,,no
2834,fishing,no
2835,boat,no
2836,fishing,no
2837,,no
2838,swimming,no
2839,,no
2840,swimming,no
2841,fishing,no
2842,swimming,no
2843,swimming,no
2844,swimming,no
2845,swimming,no
2846,,no
2847,,no
2848,swimming,no
2849,,no
2850,surfing,no
2851,fishing,no
2852,,no
2853,swimming,no
2854,surfing,no
2855,fishing,no
2856,surfing,no
2857,swimming,yes
2858,surfing,no
2859,surfing,no
2860,swimming,no
2861,,no
2862,surfing,no
2863,,no
2864,fishing,no
2865,fishing,no
2866,fishing,no
2867,,yes
2868,fishing,yes
2869,boat,no
2870,boat,yes
2871,surfing,no
2872,fishing,no
2873,swimming,no
2874,surfing,no
2875,,no
2876,surfing,no
2877,surfing,no
2878,surfing,no
2879,surfing,no
2880,swimming,no
2881,surfing,no
2882,swimming,unknown
2883,,no
2884,swimming,yes
2885,fishing,no
2886,boat,no
2887,,yes
2888,swimming,no
2889,swimming,no
2890,fishing,no
2891,fishing,no
2892,fishing,no
2893,surfing,no
2894,,no
2895,swimming,yes
2896,fishing,no
2897,,no
2898,surfing,no
2899,,no
2900,,unknown
2901,fishing,no
2902,swimming,no
2903,,no
2904,fishing,no
2905,swimming,no
2906,,yes
2907,,no
2908,surfing,no
2909,fishing,no
2910,surfing,no
2911,swimming,no
2912,swimming,no
2913,swimming,no
2914,,no
2915,boat,no
2916,surfing,no
2917,swimming,no
2918,surfing,no
2919,,no
2920,,no
2921,surfing,no
2922,fishing,no
2923,swimming,no
2924,swimming,no
2925,swimming,no
2926,fishing,no
2927,swimming,yes
2928,swimming,yes
2929,,no
2930,surfing,no
2931,surfing,no
2932,fishing,no
2933,,no
2934,swimming,no
2935,fishing,yes
2936,surfing,no
2937,,no
2938,swimming,no
2939,fishing,no
2940,,no
2941,surfing,no
2942,surfing,no
2943,surfing,unknown
2944,fishing,no
2945,surfing,no
2946,,no
2947,fishing,no
2948,surfing,no
2949,surfing,no
2950,,no
2951,,no
2952,fishing,no
2953,,no
2954,surfing,no
2955,fishing,no
2956,swimming,no
2957,,yes
2958,fishing,no
2959,,no
2960,surfing,no
2961,surfing,no
2962,surfing,no
2963,surfing,no
2964,swimming,no
2965,swimming,no
2966,,no
2967,,yes
2968,surfing,no
2969,swimming,no
2970,surfing,no
2971,,no
2972,,no
2973,,no
2974,swimming,no
2975,swimming,no
2976,swimming,no
2977,,no
2978,surfing,yes
2979,swimming,no
2980,fishing,no
2981,,no
2982,boat,no
2983,,no
2984,surfing,no
2985,surfing,yes
2986,fishing,no
2987,fishing,yes
2988,surfing,no
2989,fishing,no
2990,,no
2991,swimming,no
2992,swimming,yes
2993,swimming,no
2994,swimming,yes
2995,swimming,no
2996,boat,unknown
2997,fishing,no
2998,fishing,unknown
2999,surfing,yes
3000,,no
3001,surfing,no
3002,fishing,no
3003,,no
3004,swimming,no
3005,swimming,no
3006,surfing,unknown
3007,surfing,no
3008,surfing,no
3009,surfing,no
3010,surfing,no
3011,swimming,yes
3012,surfing,no
3013,surfing,no
3014,surfing,no
3015,fishing,no
3016,fishing,no
3017,swimming,no
3018,swimming,yes
3019,surfing,no
3020,swimming,no
3021,surfing,no
3022,fishing,no
3023,,no
3024,fishing,no
3025,,no
3026,swimming,yes
3027,swimming,yes
3028,surfing,no
3029,swimming,no
3030,swimming,no
3031,surfing,no
3032,,no
3033,,no
3034,surfing,no
3035,,no
3036,surfing,no
3037,swimming,no
3038,swimming,unknown
3039,swimming,no
3040,,no
3041,,unknown
3042,surfing,no
3043,fishing,no
3044,fishing,no
3045,swimming,no
3046,surfing,no
3047,swimming,no
3048,,no
3049,,no
3050,fishing,no
3051,swimming,no
3052,swimming,no
3053,swimming,yes
3054,surfing,no
3055,surfing,no
3056,swimming,yes
3057,,no
3058,,no
3059,swimming,no
3060,surfing,no
3061,,no
3062,surfing,no
3063,surfing,no
3064,swimming,no
3065,surfing,no
3066,fishing,no
3067,boat,yes
3068,surfing,no
3069,swimming,yes
3070,swimming,no
3071,boat,yes
3072,fishing,no
3073,,no
3074,fishing,no
3075,fishing,no
3076,swimming,no
3077,swimming,no
3078,swimming,yes
3079,,no
3080,surfing,no
3081,fishing,no
3082,fishing,no
3083,swimming,no
3084,fishing,yes
3085,swimming,no
3086,surfing,no
3087,fishing,no
3088,fishing,no
3089,swimming,no
3090,swimming,yes
3091,,yes
3092,,no
3093,,yes
3094,boat,no
3095,swimming,no
3096,fishing,no
3097,swimming,yes
3098,fishing,no
3099,,yes
3100,swimming,no
3101,surfing,no
3102,surfing,no
3103,swimming,no
3104,,no
3105,fishing,yes
3106,surfing,no
3107,fishing,yes
3108,,no
3109,fishing,yes
3110,surfing,no
3111,surfing,no
3112,fishing,no
3113,fishing,no
3114,swimming,no
3115,swimming,no
3116,,no
3117,,no
3118,boat,no
3119,fishing,no
3120,surfing,no
3121,surfing,no
3122,,no
3123,swimming,no
3124,swimming,no
3125,swimming,no
3126,,no
3127,fishing,no
3128,swimming,no
3129,surfing,no
3130,,no
3131,surfing,no
3132,swimming,yes
3133,swimming,no
3134,surfing,no
3135,surfing,no
3136,fishing,no
3137,,no
3138,fishing,no
3139,surfing,no
3140,,yes
3141,fishing,no
3142,surfing,no
3143,,no
3144,fishing,no
3145,swimming,no
3146,fishing,no
3147,fishing,no
3148,,no
3149,,no
3150,swimming,no
3151,swimming,no
3152,,no
3153,,yes
3154,,yes
3155,surfing,no
3156,,no
3157,,no
3158,swimming,yes
3159,,no
3160,swimming,no
3161,,no
3162,,no
3163,surfing,no
3164,swimming,no
3165,fishing,no
3166,boat,no
3167,surfing,no
3168,surfing,no
3169,boat,no
3170,swimming,no
3171,,yes
3172,swimming,yes
3173,swimming,yes
3174,surfing,no
3175,surfing,no
3176,surfing,no
3177,fishing,no
3178,,no
3179,swimming,yes
3180,fishing,no
3181,swimming,no
3182,swimming,no
3183,fishing,no
3184,boat,no
3185,fishing,no
3186,,no
3187,,no
3188,fishing,no
3189,,no
3190,,no
3191,,no
3192,fishing,no
3193,,no
3194,fishing,no
3195,swimming,no
3196,fishing,yes
3197,swimming,yes
3198,,no
3199,swimming,no
3200,,no
3201,,no
3202,,no
3203,,no
3204,surfing,no
3205,surfing,no
3206,surfing,no
3207,surfing,no
3208,,no
3209,surfing,no
3210,,no
3211,swimming,no
3212,swimming,no
3213,,yes
3214,swimming,yes
3215,swimming,no
3216,surfing,no
3217,surfing,no
3218,swimming,no
3219,swimming,no
3220,fishing,no
3221,surfing,no
3222,swimming,no
3223,,no
3224,swimming,no
3225,surfing,no
3226,,no
3227,surfing,no
3228,swimming,no
3229,swimming,no
3230,,no
3231,fishing,no
3232,swimming,no
3233,,no
3234,,no
3235,swimming,no
3236,,no
3237,,yes
3238,surfing,no
3239,,no
3240,swimming,yes
3241,fishing,no
3242,,no
3243,fishing,no
3244,surfing,yes
3245,fishing,no
3246,,yes
3247,,no
3248,,no
3249,surfing,no
3250,swimming,no
3251,swimming,no
3252,surfing,no
3253,surfing,no
3254,fishing,no
3255,surfing,no
3256,swimming,no
3257,swimming,yes
3258,swimming,no
3259,swimming,no
3260,,yes
3261,surfing,no
3262,swimming,no
3263,swimming,yes
3264,boat,yes
3265,swimming,no
3266,surfing,no
3267,fishing,yes
3268,fishing,no
3269,,no
3270,swimming,no
3271,surfing,no
3272,surfing,no
3273,fishing,no
3274,swimming,no
3275,swimming,no
3276,fishing,no
3277,fishing,no
3278,,no
3279,swimming,yes
3280,swimming,no
3281,swimming,yes
3282,swimming,yes
3283,fishing,no
3284,,yes
3285,fishing,no
3286,swimming,yes
3287,swimming,yes
3288,swimming,no
3289,swimming,yes
3290,,no
3291,surfing,no
3292,,no
3293,fishing,yes
3294,swimming,no
3295,swimming,yes
3296,swimming,yes
3297,,no
3298,,unknown
3299,surfing,no
3300,,no
3301,swimming,no
3302,,yes
3303,,no
3304,fishing,yes
3305,fishing,no
3306,swimming,yes
3307,fishing,no
3308,surfing,no
3309,swimming,no
3310,swimming,no
3311,surfing,no
3312,,no
3313,swimming,no
3314,surfing,yes
3315,swimming,no
3316,,no
3317,,no
3318,fishing,yes
3319,fishing,no
3320,surfing,no
3321,swimming,yes
3322,surfing,no
3323,swimming,no
3324,surfing,no
3325,swimming,no
3326,surfing,no
3327,fishing,no
3328,swimming,no
3329,swimming,no
3330,,yes
3331,,yes
3332,surfing,no
3333,swimming,no
3334,fishing,no
3335,swimming,yes
3336,,no
3337,swimming,yes
3338,fishing,no
3339,fishing,no
3340,surfing,no
3341,,no
3342,swimming,yes
3343,,no
3344,,no
3345,swimming,no
3346,swimming,no
3347,,no
3348,swimming,no
3349,,yes
3350,swimming,no
3351,,no
3352,surfing,no
3353,swimming,no
3354,swimming,no
3355,surfing,no
3356,swimming,yes
3357,fishing,yes
3358,swimming,no
3359,,no
3360,swimming,no
3361,surfing,no
3362,swimming,no
3363,swimming,no
3364,swimming,yes
3365,surfing,yes
3366,,yes
3367,,yes
3368,,yes
3369,surfing,no
3370,swimming,no
3371,surfing,no
3372,,no
3373,,no
3374,fishing,yes
3375,fishing,yes
3376,fishing,no
3377,boat,no
3378,,no
3379,surfing,no
3380,surfing,no
3381,swimming,no
3382,fishing,no
3383,,no
3384,,no
3385,swimming,no
3386,swimming,no
3387,boat,no
3388,,no
3389,fishing,no
3390,swimming,no
3391,,yes
3392,,yes
3393,,yes
3394,swimming,yes
3395,swimming,no
3396,swimming,unknown
3397,surfing,no
3398,,no
3399,,no
3400,swimming,no
3401,swimming,no
3402,swimming,no
3403,swimming,no
3404,,yes
3405,swimming,no
3406,,no
3407,swimming,no
3408,swimming,no
3409,fishing,no
3410,fishing,no
3411,fishing,unknown
3412,,no
3413,,no
3414,swimming,yes
3415,fishing,no
3416,swimming,no
3417,swimming,no
3418,,no
3419,swimming,no
3420,swimming,no
3421,,no
3422,fishing,no
3423,surfing,no
3424,surfing,no
3425,,no
3426,,no
3427,,no
3428,surfing,no
3429,,unknown
3430,swimming,no
3431,,no
3432,surfing,no
3433,swimming,no
3434,surfing,unknown
3435,,no
3436,,no
3437,fishing,no
3438,,no
3439,surfing,no
3440,fishing,no
3441,swimming,no
3442,swimming,no
3443,,no
3444,,no
3445,swimming,no
3446,,no
3447,surfing,no
3448,,no
3449,fishing,no
3450,,no
3451,fishing,no
3452,,no
3453,,no
3454,,no
3455,swimming,no
3456,boat,no
3457,surfing,no
3458,fishing,yes
3459,,no
3460,,no
3461,swimming,no
3462,,no
3463,fishing,no
3464,swimming,no
3465,,no
3466,swimming,no
3467,swimming,yes
3468,,no
3469,fishing,no
3470,,no
3471,,no
3472,,no
3473,,no
3474,,no
3475,,no
3476,swimming,no
3477,swimming,yes
3478,,no
3479,,no
3480,surfing,no
3481,,no
3482,surfing,no
3483,swimming,no
3484,,no
3485,fishing,no
3486,,no
3487,swimming,no
3488,swimming,yes
3489,swimming,yes
3490,swimming,no
3491,surfing,no
3492,surfing,no
3493,fishing,no
3494,,no
3495,swimming,yes
3496,,no
3497,swimming,no
3498,,no
3499,swimming,no
3500,,yes
3501,,no
3502,swimming,yes
3503,,no
3504,swimming,no
3505,boat,no
3506,swimming,no
3507,swimming,unknown
3508,fishing,no
3509,fishing,yes
3510,fishing,yes
3511,,no
3512,,yes
3513,swimming,no
3514,swimming,yes
3515,,no
3516,,no
3517,swimming,no
3518,fishing,no
3519,swimming,no
3520,,no
3521,swimming,no
3522,fishing,yes
3523,surfing,no
3524,fishing,no
3525,fishing,no
3526,,no
3527,,no
3528,fishing,no
3529,swimming,no
3530,fishing,no
3531,fishing,no
3532,,no
3533,,yes
3534,,no
3535,swimming,yes
3536,fishing,no
3537,fishing,no
3538,swimming,no
3539,,no
3540,fishing,no
3541,fishing,no
3542,fishing,no
3543,,no
3544,fishing,no
3545,,unknown
3546,swimming,yes
3547,swimming,yes
3548,swimming,yes
3549,swimming,no
3550,fishing,no
3551,fishing,no
3552,fishing,unknown
3553,fishing,no
3554,fishing,no
3555,swimming,no
3556,,no
3557,,no
3558,swimming,no
3559,swimming,yes
3560,swimming,yes
3561,swimming,yes
3562,swimming,no
3563,,no
3564,swimming,no
3565,,no
3566,swimming,no
3567,,no
3568,fishing,no
3569,swimming,yes
3570,swimming,yes
3571,swimming,no
3572,,no
3573,,no
3574,fishing,no
3575,swimming,no
3576,fishing,no
3577,,yes
3578,fishing,no
3579,boat,yes
3580,swimming,no
3581,boat,yes
3582,swimming,no
3583,,no
3584,fishing,no
3585,boat,yes
3586,,no
3587,,no
3588,boat,yes
3589,surfing,no
3590,fishing,no
3591,fishing,yes
3592,,no
3593,,no
3594,surfing,no
3595,surfing,yes
3596,swimming,no
3597,,no
3598,fishing,no
3599,swimming,no
3600,fishing,no
3601,fishing,yes
3602,,no
3603,,no
3604,surfing,no
3605,boat,no
3606,swimming,no
3607,,yes
3608,fishing,yes
3609,,no
3610,fishing,no
3611,fishing,no
3612,,no
3613,,no
3614,swimming,no
3615,,no
3616,swimming,yes
3617,,no
3618,,no
3619,swimming,no
3620,swimming,no
3621,fishing,no
3622,,yes
3623,swimming,yes
3624,swimming,yes
3625,,no
3626,swimming,no
3627,swimming,no
3628,,no
3629,surfing,no
3630,fishing,no
3631,,no
3632,surfing,no
3633,,no
3634,swimming,no
3635,,no
3636,swimming,no
3637,boat,no
3638,,no
3639,surfing,no
3640,swimming,no
3641,swimming,yes
3642,,no
3643,surfing,no
3644,,no
3645,,no
3646,fishing,no
3647,,yes
3648,swimming,no
3649,swimming,no
3650,,no
3651,fishing,no
3652,swimming,no
3653,fishing,yes
3654,swimming,no
3655,swimming,yes
3656,,no
3657,fishing,no
3658,surfing,no
3659,boat,no
3660,surfing,no
3661,fishing,no
3662,swimming,yes
3663,swimming,no
3664,swimming,no
3665,,no
3666,swimming,no
3667,swimming,no
3668,swimming,no
3669,swimming,no
3670,swimming,no
3671,,no
3672,,no
3673,boat,no
3674,fishing,yes
3675,,no
3676,fishing,yes
3677,,no
3678,,yes
3679,swimming,no
3680,fishing,no
3681,fishing,no
3682,fishing,no
3683,swimming,no
3684,,no
3685,fishing,yes
3686,swimming,yes
3687,fishing,yes
3688,surfing,no
3689,,yes
3690,swimming,no
3691,swimming,no
3692,fishing,no
3693,swimming,yes
3694,fishing,yes
3695,swimming,no
3696,fishing,no
3697,,no
3698,,no
3699,swimming,yes
3700,swimming,no
3701,,no
3702,,no
3703,swimming,yes
3704,fishing,yes
3705,surfing,no
3706,,no
3707,,no
3708,swimming,no
3709,surfing,no
3710,fishing,yes
3711,swimming,no
3712,,unknown
3713,swimming,no
3714,swimming,no
3715,,no
3716,swimming,no
3717,boat,no
3718,swimming,yes
3719,boat,no
3720,,no
3721,fishing,no
3722,fishing,no
3723,surfing,yes
3724,fishing,no
3725,fishing,yes
3726,boat,no
3727,fishing,no
3728,fishing,no
3729,fishing,no
3730,fishing,no
3731,,no
3732,,no
3733,,no
3734,fishing,no
3735,surfing,no
3736,fishing,no
3737,swimming,yes
3738,fishing,no
3739,fishing,yes
3740,surfing,no
3741,fishing,no
3742,swimming,yes
3743,fishing,no
3744,swimming,no
3745,fishing,no
3746,fishing,yes
3747,,yes
3748,swimming,yes
3749,fishing,no
3750,swimming,no
3751,boat,yes
3752,fishing,no
3753,swimming,yes
3754,swimming,no
3755,surfing,no
3756,surfing,no
3757,,no
3758,,yes
3759,swimming,no
3760,fishing,no
3761,fishing,no
3762,,no
3763,,no
3764,swimming,no
3765,,yes
3766,swimming,no
3767,fishing,no
3768,fishing,no
3769,fishing,no
3770,swimming,no
3771,fishing,no
3772,fishing,no
3773,,no
3774,,unknown
3775,fishing,yes
3776,swimming,no
3777,fishing,yes
3778,fishing,no
3779,swimming,no
3780,,no
3781,surfing,no
3782,fishing,no
3783,boat,no
3784,fishing,no
3785,,yes
3786,,no
3787,,no
3788,fishing,no
3789,,yes
3790,fishing,no
3791,swimming,no
3792,swimming,yes
3793,swimming,yes
3794,fishing,unknown
3795,,no
3796,fishing,no
3797,swimming,no
3798,,no
3799,fishing,no
3800,surfing,yes
3801,,no
3802,fishing,yes
3803,swimming,no
3804,,no
3805,,no
3806,,no
3807,fishing,no
3808,surfing,no
3809,swimming,no
3810,,no
3811,,no
3812,,no
3813,,no
3814,,no
3815,,yes
3816,,yes
3817,,yes
3818,,no
3819,fishing,no
3820,swimming,no
3821,swimming,no
3822,,no
3823,,yes
3824,fishing,no
3825,fishing,no
3826,swimming,no
3827,,no
3828,fishing,no
3829,,no
3830,fishing,no
3831,swimming,yes
3832,swimming,no
3833,swimming,no
3834,fishing,no
3835,swimming,yes
3836,,yes
3837,swimming,no
3838,fishing,unknown
3839,swimming,yes
3840,,no
3841,,unknown
3842,fishing,no
3843,fishing,no
3844,fishing,no
3845,fishing,no
3846,surfing,no
3847,fishing,no
3848,surfing,no
3849,fishing,no
3850,fishing,no
3851,surfing,no
3852,fishing,no
3853,swimming,no
3854,,no
3855,surfing,no
3856,fishing,no
3857,fishing,no
3858,fishing,no
3859,,no
3860,,yes
3861,swimming,no
3862,,yes
3863,,no
3864,,no
3865,fishing,no
3866,fishing,no
3867,swimming,no
3868,surfing,yes
3869,swimming,no
3870,,no
3871,,no
3872,swimming,no
3873,,no
3874,,yes
3875,,no
3876,swimming,yes
3877,fishing,no
3878,,no
3879,swimming,no
3880,fishing,no
3881,fishing,no
3882,swimming,no
3883,,no
3884,fishing,no
3885,fishing,no
3886,fishing,no
3887,fishing,no
3888,swimming,no
3889,fishing,no
3890,fishing,no
3891,fishing,yes
3892,swimming,yes
3893,,no
3894,swimming,no
3895,fishing,no
3896,fishing,no
3897,swimming,no
3898,fishing,no
3899,,no
3900,fishing,no
3901,,no
3902,fishing,no
3903,swimming,no
3904,swimming,no
3905,fishing,no
3906,fishing,no
3907,fishing,no
3908,swimming,yes
3909,boat,yes
3910,fishing,no
3911,fishing,no
3912,fishing,no
3913,swimming,no
3914,fishing,no
3915,fishing,no
3916,swimming,no
3917,fishing,no
3918,,no
3919,,no
3920,,no
3921,,yes
3922,fishing,no
3923,swimming,yes
3924,fishing,no
3925,,no
3926,fishing,no
3927,swimming,no
3928,,no
3929,,no
3930,,yes
3931,fishing,no
3932,swimming,no
3933,,no
3934,,no
3935,,no
3936,fishing,no
3937,swimming,no
3938,fishing,no
3939,swimming,yes
3940,,yes
3941,fishing,yes
3942,,no
3943,swimming,yes
3944,swimming,no
3945,fishing,no
3946,swimming,no
3947,,no
3948,surfing,no
3949,fishing,no
3950,,no
3951,,no
3952,fishing,yes
3953,,no
3954,fishing,no
3955,fishing,no
3956,,no
3957,boat,yes
3958,swimming,no
3959,fishing,no
3960,swimming,no
3961,fishing,no
3962,,no
3963,,no
3964,swimming,no
3965,swimming,no
3966,swimming,no
3967,,yes
3968,,no
3969,swimming,no
3970,swimming,no
3971,,no
3972,,no
3973,boat,no
3974,,no
3975,,no
3976,fishing,no
3977,swimming,yes
3978,fishing,no
3979,,no
3980,fishing,no
3981,fishing,no
3982,surfing,no
3983,fishing,no
3984,fishing,no
3985,swimming,no
3986,,no
3987,surfing,yes
3988,swimming,no
3989,swimming,no
3990,surfing,no
3991,swimming,no
3992,,no
3993,,yes
3994,,no
3995,surfing,no
3996,fishing,no
3997,fishing,no
3998,,no
3999,surfing,no
4000,fishing,no
4001,fishing,no
4002,fishing,no
4003,fishing,no
4004,fishing,yes
4005,fishing,yes
4006,fishing,no
4007,,no
4008,fishing,no
4009,fishing,no
4010,fishing,no
4011,fishing,no
4012,fishing,no
4013,fishing,yes
4014,fishing,no
4015,fishing,no
4016,,no
4017,,no
4018,fishing,no
4019,,no
4020,swimming,yes
4021,fishing,no
4022,fishing,no
4023,,no
4024,swimming,no
4025,fishing,no
4026,,no
4027,fishing,no
4028,fishing,no
4029,fishing,no
4030,fishing,yes
4031,fishing,no
4032,swimming,yes
4033,,no
4034,,no
4035,fishing,no
4036,swimming,yes
4037,swimming,yes
4038,boat,yes
4039,fishing,no
4040,fishing,no
4041,fishing,no
4042,boat,yes
4043,surfing,no
4044,,no
4045,surfing,no
4046,fishing,no
4047,fishing,no
4048,fishing,no
4049,surfing,no
4050,fishing,no
4051,fishing,no
4052,swimming,yes
4053,,no
4054,swimming,no
4055,swimming,yes
4056,fishing,no
4057,swimming,no
4058,,no
4059,,no
4060,,unknown
4061,boat,no
4062,,yes
4063,,no
4064,,yes
4065,fishing,no
4066,swimming,no
4067,,no
4068,,no
4069,swimming,no
4070,swimming,yes
4071,fishing,no
4072,fishing,yes
4073,swimming,no
4074,fishing,no
4075,swimming,yes
4076,,no
4077,,no
4078,swimming,no
4079,,no
4080,surfing,no
4081,,yes
4082,,no
4083,fishing,no
4084,,no
4085,,yes
4086,swimming,no
4087,,no
4088,,yes
4089,,no
4090,swimming,yes
4091,swimming,yes
4092,swimming,no
4093,fishing,no
4094,,no
4095,,yes
4096,fishing,no
4097,,no
4098,fishing,no
4099,swimming,no
4100,fishing,no
4101,fishing,no
4102,fishing,no
4103,swimming,no
4104,boat,yes
4105,swimming,no
4106,fishing,no
4107,fishing,no
4108,fishing,no
4109,swimming,yes
4110,,no
4111,,no
4112,fishing,no
4113,swimming,no
4114,boat,yes
4115,surfing,no
4116,swimming,no
4117,,no
4118,swimming,yes
4119,swimming,no
4120,swimming,yes
4121,,yes
4122,boat,no
4123,fishing,no
4124,fishing,no
4125,,yes
4126,fishing,no
4127,fishing,no
4128,,no
4129,swimming,yes
4130,surfing,yes
4131,boat,yes
4132,swimming,yes
4133,fishing,no
4134,fishing,yes
4135,fishing,no
4136,swimming,no
4137,,no
4138,,no
4139,,no
4140,boat,yes
4141,fishing,no
4142,fishing,no
4143,boat,no
4144,swimming,no
4145,swimming,yes
4146,swimming,no
4147,swimming,no
4148,,yes
4149,swimming,yes
4150,,yes
4151,,no
4152,swimming,no
4153,swimming,yes
4154,fishing,no
4155,,no
4156,,no
4157,,no
4158,swimming,no
4159,swimming,no
4160,fishing,no
4161,swimming,no
4162,swimming,no
4163,,yes
4164,swimming,yes
4165,fishing,no
4166,fishing,no
4167,swimming,no
4168,surfing,no
4169,surfing,no
4170,,no
4171,swimming,yes
4172,fishing,no
4173,,no
4174,swimming,no
4175,,yes
4176,fishing,yes
4177,fishing,yes
4178,fishing,no
4179,fishing,no
4180,fishing,yes
4181,fishing,no
4182,,no
4183,swimming,no
4184,,yes
4185,,yes
4186,surfing,no
4187,fishing,no
4188,fishing,no
4189,,yes
4190,,yes
4191,,no
4192,,no
4193,swimming,no
4194,swimming,yes
4195,swimming,no
4196,,no
4197,fishing,no
4198,fishing,no
4199,,no
4200,swimming,yes
4201,surfing,no
4202,,no
4203,swimming,no
4204,swimming,no
4205,swimming,no
4206,fishing,no
4207,,no
4208,,unknown
4209,swimming,no
4210,,yes
4211,fishing,no
4212,swimming,no
4213,,no
4214,fishing,no
4215,fishing,yes
4216,swimming,no
4217,fishing,no
4218,,no
4219,fishing,yes
4220,,no
4221,fishing,yes
4222,fishing,yes
4223,fishing,yes
4224,swimming,yes
4225,fishing,no
4226,swimming,no
4227,fishing,no
4228,swimming,no
4229,fishing,yes
4230,surfing,no
4231,boat,yes
4232,fishing,yes
4233,swimming,no
4234,fishing,yes
4235,fishing,no
4236,swimming,yes
4237,swimming,no
4238,swimming,no
4239,swimming,no
4240,,yes
4241,,yes
4242,fishing,no
4243,fishing,no
4244,fishing,no
4245,,yes
4246,fishing,no
4247,swimming,yes
4248,,no
4249,swimming,no
4250,surfing,no
4251,fishing,yes
4252,,yes
4253,fishing,no
4254,swimming,yes
4255,swimming,no
4256,boat,unknown
4257,swimming,no
4258,surfing,yes
4259,,no
4260,swimming,yes
4261,swimming,no
4262,swimming,no
4263,swimming,yes
4264,surfing,no
4265,swimming,no
4266,boat,yes
4267,swimming,yes
4268,,no
4269,swimming,unknown
4270,,no
4271,,no
4272,,yes
4273,,no
4274,fishing,no
4275,swimming,no
4276,fishing,no
4277,fishing,no
4278,,yes
4279,,no
4280,,no
4281,swimming,no
4282,,no
4283,fishing,yes
4284,surfing,no
4285,swimming,yes
4286,swimming,yes
4287,fishing,no
4288,,no
4289,fishing,no
4290,,yes
4291,,no
4292,swimming,yes
4293,swimming,yes
4294,fishing,no
4295,fishing,no
4296,fishing,no
4297,fishing,no
4298,fishing,no
4299,surfing,yes
4300,swimming,no
4301,,no
4302,swimming,no
4303,fishing,no
4304,swimming,yes
4305,fishing,no
4306,,no
4307,,no
4308,,yes
4309,,yes
4310,,unknown
4311,fishing,no
4312,,yes
4313,swimming,no
4314,fishing,no
4315,,no
4316,swimming,yes
4317,swimming,yes
4318,swimming,yes
4319,swimming,no
4320,fishing,no
4321,,yes
4322,fishing,no
4323,boat,unknown
4324,,no
4325,swimming,no
4326,swimming,yes
4327,fishing,yes
4328,fishing,no
4329,fishing,no
4330,fishing,no
4331,fishing,no
4332,swimming,yes
4333,fishing,no
4334,swimming,yes
4335,,no
4336,swimming,no
4337,swimming,yes
4338,,no
4339,,no
4340,swimming,no
4341,swimming,yes
4342,swimming,yes
4343,,no
4344,fishing,no
4345,fishing,no
4346,swimming,yes
4347,swimming,no
4348,fishing,no
4349,,no
4350,,no
4351,,yes
4352,,no
4353,swimming,yes
4354,fishing,no
4355,swimming,no
4356,,yes
4357,,no
4358,swimming,no
4359,swimming,no
4360,swimming,no
4361,surfing,no
4362,,no
4363,,yes
4364,swimming,no
4365,,no
4366,surfing,no
4367,,no
4368,swimming,no
4369,,yes
4370,fishing,yes
4371,fishing,no
4372,,no
4373,,no
4374,fishing,no
4375,,no
4376,,no
4377,boat,no
4378,,no
4379,swimming,no
4380,,no
4381,swimming,no
4382,fishing,no
4383,fishing,no
4384,,yes
4385,boat,yes
4386,,no
4387,fishing,no
4388,fishing,no
4389,fishing,no
4390,fishing,no
4391,fishing,no
4392,,yes
4393,,no
4394,surfing,no
4395,fishing,no
4396,,no
4397,fishing,no
4398,swimming,yes
4399,surfing,yes
4400,swimming,yes
4401,fishing,no
4402,,no
4403,fishing,yes
4404,fishing,no
4405,fishing,no
4406,fishing,no
4407,boat,yes
4408,fishing,no
4409,fishing,no
4410,surfing,no
4411,fishing,no
4412,fishing,no
4413,fishing,no
4414,fishing,no
4415,,no
4416,fishing,no
4417,surfing,no
4418,swimming,yes
4419,fishing,no
4420,fishing,yes
4421,fishing,yes
4422,swimming,yes
4423,swimming,yes
4424,fishing,no
4425,swimming,no
4426,,yes
4427,swimming,no
4428,fishing,no
4429,,no
4430,boat,yes
4431,swimming,yes
4432,boat,no
4433,swimming,yes
4434,fishing,no
4435,boat,yes
4436,swimming,no
4437,swimming,yes
4438,swimming,no
4439,swimming,yes
4440,,no
4441,,no
4442,fishing,yes
4443,fishing,no
4444,swimming,no
4445,,no
4446,surfing,no
4447,surfing,no
4448,surfing,no
4449,surfing,no
4450,surfing,no
4451,swimming,no
4452,swimming,yes
4453,,no
4454,,yes
4455,surfing,no
4456,swimming,no
4457,,yes
4458,swimming,no
4459,surfing,no
4460,,no
4461,surfing,no
4462,fishing,no
4463,fishing,no
4464,swimming,no
4465,fishing,no
4466,swimming,yes
4467,fishing,no
4468,,no
4469,swimming,no
4470,,no
4471,swimming,no
4472,swimming,no
4473,,yes
4474,,no
4475,fishing,no
4476,fishing,yes
4477,fishing,no
4478,,no
4479,,yes
4480,,no
4481,fishing,no
4482,surfing,yes
4483,fishing,no
4484,swimming,no
4485,,no
4486,fishing,no
4487,fishing,no
4488,,yes
4489,,yes
4490,,no
4491,fishing,no
4492,swimming,no
4493,swimming,yes
4494,swimming,yes
4495,fishing,no
4496,swimming,no
4497,,no
4498,boat,yes
4499,,no
4500,swimming,no
4501,,no
4502,swimming,no
4503,swimming,yes
4504,swimming,no
4505,swimming,no
4506,swimming,no
4507,swimming,no
4508,swimming,yes
4509,,no
4510,fishing,no
4511,fishing,yes
4512,swimming,no
4513,,no
4514,fishing,no
4515,swimming,yes
4516,swimming,no
4517,,unknown
4518,,yes
4519,surfing,no
4520,surfing,no
4521,,no
4522,fishing,no
4523,,yes
4524,,no
4525,,no
4526,fishing,yes
4527,swimming,no
4528,swimming,yes
4529,swimming,yes
4530,,yes
4531,,no
4532,boat,no
4533,fishing,no
4534,,yes
4535,swimming,no
4536,swimming,yes
4537,swimming,no
4538,fishing,no
4539,swimming,yes
4540,,yes
4541,swimming,yes
4542,,yes
4543,swimming,no
4544,,no
4545,swimming,yes
4546,swimming,no
4547,fishing,no
4548,boat,no
4549,,yes
4550,,no
4551,fishing,no
4552,,yes
4553,swimming,yes
4554,surfing,no
4555,,no
4556,fishing,no
4557,fishing,no
4558,fishing,no
4559,fishing,no
4560,,no
4561,swimming,yes
4562,fishing,no
4563,surfing,no
4564,surfing,no
4565,swimming,yes
4566,swimming,no
4567,,yes
4568,fishing,no
4569,swimming,yes
4570,swimming,yes
4571,fishing,no
4572,swimming,no
4573,swimming,no
4574,,no
4575,fishing,no
4576,fishing,no
4577,swimming,no
4578,,no
4579,surfing,no
4580,surfing,no
4581,boat,no
4582,,no
4583,,no
4584,fishing,no
4585,,no
4586,swimming,yes
4587,,no
4588,,no
4589,swimming,no
4590,,no
4591,swimming,yes
4592,fishing,yes
4593,swimming,no
4594,fishing,no
4595,swimming,yes
4596,fishing,no
4597,swimming,no
4598,swimming,no
4599,swimming,no
4600,swimming,yes
4601,fishing,no
4602,fishing,no
4603,,no
4604,,no
4605,swimming,no
4606,,no
4607,swimming,no
4608,,no
4609,,no
4610,swimming,yes
4611,surfing,no
4612,,no
4613,,no
4614,boat,no
4615,swimming,yes
4616,swimming,no
4617,swimming,yes
4618,swimming,no
4619,,no
4620,,yes
4621,,yes
4622,,yes
4623,swimming,yes
4624,swimming,yes
4625,,no
4626,swimming,no
4627,swimming,no
4628,,yes
4629,swimming,no
4630,swimming,no
4631,swimming,no
4632,fishing,no
4633,,yes
4634,swimming,no
4635,,yes
4636,swimming,yes
4637,swimming,yes
4638,,no
4639,boat,yes
4640,fishing,no
4641,swimming,no
4642,boat,yes
4643,swimming,yes
4644,swimming,yes
4645,,no
4646,swimming,no
4647,,no
4648,,yes
4649,,yes
4650,,no
4651,,yes
4652,,no
4653,,no
4654,swimming,yes
4655,surfing,yes
4656,fishing,no
4657,surfing,no
4658,swimming,yes
4659,,yes
4660,,yes
4661,,yes
4662,,yes
4663,,yes
4664,swimming,no
4665,,yes
4666,,no
4667,swimming,yes
4668,surfing,no
4669,boat,yes
4670,fishing,no
4671,swimming,no
4672,fishing,no
4673,,no
4674,,no
4675,,yes
4676,boat,yes
4677,boat,no
4678,swimming,no
4679,swimming,yes
4680,boat,yes
4681,,yes
4682,,yes
4683,,yes
4684,swimming,yes
4685,swimming,no
4686,swimming,no
4687,fishing,no
4688,fishing,no
4689,,unknown
4690,,yes
4691,boat,yes
4692,swimming,no
4693,,no
4694,boat,yes
4695,swimming,no
4696,,yes
4697,,yes
4698,swimming,yes
4699,,no
4700,boat,yes
4701,boat,no
4702,boat,no
4703,swimming,no
4704,,no
4705,,yes
4706,,no
4707,,yes
4708,,no
4709,,yes
4710,boat,no
4711,,no
4712,boat,no
4713,swimming,no
4714,swimming,no
4715,,yes
4716,,no
4717,,no
4718,swimming,yes
4719,surfing,no
4720,,yes
4721,fishing,no
4722,swimming,yes
4723,,no
4724,,no
4725,swimming,no
4726,,yes
4727,boat,no
4728,,no
4729,,no
4730,swimming,yes
4731,,yes
4732,swimming,no
4733,,no
4734,,no
4735,,yes
4736,,no
4737,,yes
4738,fishing,no
4739,swimming,no
4740,swimming,no
4741,fishing,no
4742,fishing,no
4743,fishing,no
4744,,yes
4745,boat,no
4746,fishing,no
4747,fishing,no
4748,,no
4749,boat,no
4750,boat,yes
4751,,no
4752,,yes
4753,,yes
4754,,no
4755,,yes
4756,,yes
4757,,no
4758,,yes
4759,swimming,yes
4760,fishing,no
4761,fishing,no
4762,swimming,yes
4763,,no
4764,,no
4765,fishing,no
4766,,yes
4767,swimming,no
4768,swimming,yes
4769,,no
4770,,yes
4771,swimming,no
4772,swimming,yes
4773,swimming,no
4774,swimming,yes
4775,swimming,no
4776,boat,no
4777,,yes
4778,,no
4779,swimming,no
4780,,no
4781,,no
4782,swimming,no
4783,swimming,yes
4784,,no
4785,,no
4786,,unknown
4787,,unknown
4788,fishing,yes
4789,swimming,no
4790,fishing,no
4791,swimming,no
4792,fishing,no
4793,,yes
4794,swimming,no
4795,,no
4796,,yes
4797,swimming,yes
4798,swimming,yes
4799,swimming,yes
4800,fishing,no
4801,,no
4802,boat,no
4803,fishing,no
4804,swimming,yes
4805,swimming,no
4806,swimming,yes
4807,swimming,yes
4808,fishing,no
4809,swimming,yes
4810,fishing,no
4811,swimming,no
4812,fishing,no
4813,fishing,no
4814,swimming,yes
4815,,yes
4816,swimming,no
4817,fishing,yes
4818,swimming,no
4819,swimming,yes
4820,,no
4821,,no
4822,fishing,no
4823,,no
4824,swimming,no
4825,surfing,no
4826,swimming,yes
4827,surfing,no
4828,fishing,no
4829,swimming,no
4830,swimming,no
4831,,yes
4832,swimming,yes
4833,,yes
4834,swimming,yes
4835,swimming,yes
4836,swimming,no
4837,surfing,no
4838,fishing,no
4839,boat,no
4840,fishing,no
4841,,no
4842,swimming,no
4843,swimming,no
4844,swimming,yes
4845,swimming,yes
4846,,no
4847,,yes
4848,fishing,no
4849,swimming,yes
4850,fishing,no
4851,swimming,yes
4852,swimming,no
4853,swimming,no
4854,swimming,yes
4855,swimming,no
4856,fishing,no
4857,fishing,no
4858,boat,no
4859,,no
4860,,no
4861,swimming,no
4862,,no
4863,fishing,no
4864,swimming,yes
4865,fishing,yes
4866,fishing,no
4867,,yes
4868,swimming,no
4869,surfing,no
4870,,no
4871,fishing,no
4872,swimming,no
4873,fishing,no
4874,swimming,yes
4875,fishing,no
4876,swimming,no
4877,fishing,no
4878,surfing,yes
4879,swimming,yes
4880,swimming,no
4881,swimming,no
4882,fishing,no
4883,boat,no
4884,swimming,no
4885,,no
4886,,no
4887,,no
4888,swimming,yes
4889,swimming,yes
4890,surfing,no
4891,,no
4892,swimming,yes
4893,,no
4894,swimming,no
4895,swimming,yes
4896,swimming,yes
4897,,yes
4898,fishing,no
4899,swimming,yes
4900,fishing,no
4901,fishing,no
4902,fishing,yes
4903,swimming,yes
4904,fishing,no
4905,fishing,yes
4906,,no
4907,,no
4908,,no
4909,swimming,no
4910,,no
4911,swimming,no
4912,,no
4913,swimming,no
4914,,no
4915,swimming,no
4916,,no
4917,surfing,no
4918,swimming,yes
4919,,yes
4920,surfing,no
4921,fishing,no
4922,fishing,no
4923,,no
4924,,no
4925,,no
4926,swimming,yes
4927,swimming,yes
4928,swimming,no
4929,swimming,yes
4930,fishing,no
4931,swimming,yes
4932,fishing,no
4933,fishing,no
4934,swimming,no
4935,swimming,yes
4936,swimming,yes
4937,swimming,no
4938,fishing,no
4939,fishing,no
4940,,yes
4941,surfing,no
4942,swimming,yes
4943,swimming,no
4944,swimming,yes
4945,swimming,yes
4946,fishing,no
4947,,no
4948,,yes
4949,fishing,no
4950,swimming,no
4951,swimming,no
4952,swimming,yes
4953,swimming,no
4954,swimming,no
4955,fishing,no
4956,fishing,no
4957,swimming,no
4958,swimming,no
4959,,no
4960,swimming,no
4961,,no
4962,,no
4963,fishing,no
4964,boat,yes
4965,fishing,no
4966,,no
4967,swimming,yes
4968,swimming,yes
4969,,no
4970,surfing,no
4971,,no
4972,fishing,no
4973,swimming,yes
4974,,no
4975,fishing,no
4976,,unknown
4977,swimming,no
4978,swimming,yes
4979,,no
4980,,no
4981,,no
4982,fishing,no
4983,swimming,no
4984,,no
4985,,no
4986,fishing,no
4987,fishing,no
4988,fishing,no
4989,swimming,yes
4990,swimming,yes
4991,swimming,no
4992,,yes
4993,,yes
4994,swimming,no
4995,fishing,no
4996,fishing,yes
4997,swimming,no
4998,fishing,unknown
4999,fishing,yes
5000,fishing,no
5001,swimming,no
5002,swimming,yes
5003,swimming,no
5004,swimming,no
5005,fishing,no
5006,swimming,yes
5007,,no
5008,fishing,no
5009,swimming,yes
5010,swimming,yes
5011,swimming,no
5012,swimming,no
5013,,yes
5014,swimming,no
5015,swimming,no
5016,fishing,no
5017,,no
5018,,no
5019,,no
5020,fishing,yes
5021,fishing,yes
5022,fishing,no
5023,fishing,no
5024,swimming,no
5025,,no
5026,swimming,no
5027,swimming,no
5028,swimming,yes
5029,,unknown
5030,swimming,no
5031,,yes
5032,fishing,no
5033,,yes
5034,fishing,no
5035,swimming,yes
5036,,no
5037,fishing,no
5038,swimming,no
5039,swimming,no
5040,swimming,no
5041,swimming,no
5042,,yes
5043,swimming,no
5044,fishing,no
5045,,no
5046,,no
5047,swimming,no
5048,swimming,no
5049,swimming,yes
5050,,no
5051,fishing,yes
5052,swimming,no
5053,swimming,yes
5054,,no
5055,swimming,yes
5056,swimming,yes
5057,swimming,no
5058,surfing,no
5059,swimming,no
5060,,yes
5061,,yes
5062,,yes
5063,fishing,no
5064,swimming,no
5065,fishing,no
5066,,yes
5067,swimming,no
5068,swimming,no
5069,,no
5070,fishing,no
5071,swimming,no
5072,swimming,no
5073,swimming,no
5074,,no
5075,,yes
5076,swimming,yes
5077,swimming,no
5078,swimming,yes
5079,surfing,no
5080,surfing,no
5081,surfing,yes
5082,,no
5083,swimming,yes
5084,swimming,yes
5085,swimming,no
5086,surfing,yes
5087,fishing,yes
5088,swimming,yes
5089,swimming,no
5090,fishing,no
5091,fishing,no
5092,,no
5093,swimming,no
5094,swimming,no
5095,fishing,no
5096,,no
5097,,yes
5098,swimming,yes
5099,fishing,no
5100,,no
5101,swimming,no
5102,boat,no
5103,swimming,no
5104,,no
5105,fishing,no
5106,,no
5107,swimming,yes
5108,swimming,no
5109,,yes
5110,,no
5111,swimming,yes
5112,swimming,no
5113,swimming,no
5114,,yes
5115,swimming,no
5116,swimming,no
5117,,no
5118,surfing,no
5119,,no
5120,swimming,yes
5121,,yes
5122,fishing,yes
5123,,no
5124,,no
5125,,no
5126,,yes
5127,,yes
5128,swimming,no
5129,swimming,no
5130,surfing,no
5131,,no
5132,,no
5133,fishing,no
5134,surfing,no
5135,swimming,no
5136,swimming,yes
5137,swimming,yes
5138,swimming,no
5139,swimming,yes
5140,swimming,no
5141,,yes
5142,swimming,no
5143,boat,no
5144,,yes
5145,swimming,yes
5146,swimming,yes
5147,fishing,no
5148,swimming,no
5149,swimming,no
5150,swimming,yes
5151,,no
5152,swimming,no
5153,swimming,yes
5154,swimming,no
5155,,no
5156,,yes
5157,fishing,no
5158,swimming,yes
5159,swimming,unknown
5160,,yes
5161,,no
5162,,no
5163,fishing,no
5164,fishing,no
5165,swimming,no
5166,,no
5167,,no
5168,swimming,no
5169,swimming,yes
5170,swimming,yes
5171,swimming,no
5172,swimming,no
5173,swimming,no
5174,fishing,yes
5175,,no
5176,swimming,yes
5177,swimming,no
5178,swimming,no
5179,,no
5180,fishing,no
5181,fishing,no
5182,,no
5183,swimming,yes
5184,,no
5185,swimming,no
5186,swimming,no
5187,fishing,no
5188,swimming,no
5189,swimming,no
5190,swimming,yes
5191,swimming,no
5192,swimming,yes
5193,swimming,no
5194,fishing,yes
5195,,yes
5196,fishing,no
5197,boat,no
5198,fishing,no
5199,swimming,no
5200,fishing,no
5201,swimming,no
5202,swimming,yes
5203,boat,no
5204,,no
5205,swimming,yes
5206,swimming,no
5207,swimming,no
5208,,no
5209,swimming,yes
5210,,no
5211,fishing,no
5212,,yes
5213,fishing,no
5214,fishing,no
5215,swimming,yes
5216,swimming,yes
5217,fishing,yes
5218,boat,no
5219,swimming,no
5220,swimming,yes
5221,fishing,no
5222,,no
5223,,yes
5224,swimming,yes
5225,swimming,no
5226,swimming,yes
5227,fishing,no
5228,,yes
5229,swimming,yes
5230,swimming,no
5231,swimming,yes
5232,swimming,yes
5233,swimming,yes
5234,,no
5235,surfing,yes
5236,swimming,no
5237,,yes
5238,,no
5239,swimming,yes
5240,swimming,no
5241,swimming,yes
5242,fishing,no
5243,,no
5244,swimming,yes
5245,,yes
5246,,no
5247,,no
5248,swimming,yes
5249,,no
5250,,yes
5251,swimming,no
5252,swimming,no
5253,swimming,no
5254,,no
5255,swimming,no
5256,swimming,no
5257,,no
5258,swimming,yes
5259,swimming,yes
5260,,yes
5261,,no
5262,,no
5263,swimming,no
5264,swimming,yes
5265,boat,no
5266,swimming,yes
5267,swimming,no
5268,swimming,no
5269,,yes
5270,,unknown
5271,swimming,no
5272,swimming,no
5273,,yes
5274,,yes
5275,fishing,no
5276,swimming,no
5277,fishing,yes
5278,boat,yes
5279,swimming,yes
5280,surfing,no
5281,swimming,no
5282,swimming,no
5283,,yes
5284,swimming,no
5285,,no
5286,swimming,yes
5287,swimming,yes
5288,boat,yes
5289,swimming,no
5290,swimming,yes
5291,swimming,no
5292,swimming,no
5293,swimming,no
5294,,yes
5295,swimming,no
5296,,no
5297,swimming,yes
5298,swimming,yes
5299,fishing,yes
5300,,no
5301,fishing,no
5302,swimming,no
5303,swimming,no
5304,swimming,no
5305,swimming,yes
5306,swimming,yes
5307,boat,yes
5308,swimming,no
5309,swimming,no
5310,swimming,yes
5311,swimming,yes
5312,swimming,no
5313,boat,yes
5314,,no
5315,swimming,yes
5316,boat,yes
5317,swimming,no
5318,swimming,no
5319,swimming,no
5320,swimming,no
5321,,no
5322,fishing,yes
5323,,yes
5324,,no
5325,surfing,no
5326,swimming,no
5327,fishing,no
5328,swimming,yes
5329,,no
5330,swimming,no
5331,,no
5332,,yes
5333,swimming,yes
5334,,no
5335,fishing,no
5336,,no
5337,fishing,no
5338,swimming,yes
5339,swimming,yes
5340,fishing,no
5341,swimming,no
5342,boat,yes
5343,,yes
5344,,no
5345,,no
5346,,no
5347,,unknown
5348,fishing,no
5349,,yes
5350,boat,yes
5351,swimming,no
5352,,no
5353,,no
5354,,no
5355,,no
5356,,no
5357,,yes
5358,swimming,yes
5359,fishing,no
5360,,no
5361,,no
5362,swimming,no
5363,swimming,yes
5364,swimming,yes
5365,,no
5366,swimming,yes
5367,swimming,yes
5368,swimming,no
5369,swimming,yes
5370,,no
5371,swimming,no
5372,swimming,no
5373,swimming,no
5374,swimming,no
5375,swimming,yes
5376,,yes
5377,,no
5378,swimming,yes
5379,,yes
5380,,no
5381,boat,yes
5382,swimming,no
5383,,yes
5384,swimming,yes
5385,swimming,no
5386,swimming,yes
5387,fishing,no
5388,swimming,yes
5389,fishing,no
5390,swimming,yes
5391,fishing,no
5392,swimming,yes
5393,,no
5394,swimming,no
5395,fishing,yes
5396,,no
5397,boat,yes
5398,fishing,no
5399,swimming,no
5400,swimming,no
5401,swimming,yes
5402,boat,no
5403,,yes
5404,swimming,no
5405,swimming,no
5406,surfing,no
5407,,yes
5408,fishing,no
5409,swimming,unknown
5410,,no
5411,,yes
5412,fishing,no
5413,boat,yes
5414,,no
5415,fishing,yes
5416,fishing,no
5417,swimming,no
5418,swimming,yes
5419,,yes
5420,,yes
5421,fishing,no
5422,,no
5423,swimming,yes
5424,boat,yes
5425,,no
5426,,no
5427,,no
5428,swimming,yes
5429,swimming,yes
5430,,yes
5431,fishing,no
5432,boat,yes
5433,,no
5434,boat,yes
5435,,yes
5436,,yes
5437,,yes
5438,boat,yes
5439,,no
5440,fishing,yes
5441,swimming,yes
5442,swimming,yes
5443,fishing,no
5444,fishing,yes
5445,swimming,no
5446,,no
5447,swimming,no
5448,swimming,no
5449,swimming,yes
5450,swimming,yes
5451,swimming,yes
5452,,no
5453,swimming,yes
5454,,no
5455,,no
5456,swimming,no
5457,fishing,yes
5458,fishing,yes
5459,boat,no
5460,,yes
5461,swimming,yes
5462,fishing,no
5463,fishing,yes
5464,fishing,no
5465,,no
5466,swimming,yes
5467,swimming,no
5468,swimming,yes
5469,swimming,no
5470,swimming,yes
5471,swimming,yes
5472,fishing,no
5473,swimming,no
5474,,yes
5475,swimming,yes
5476,,no
5477,swimming,yes
5478,,no
5479,swimming,yes
5480,,yes
5481,,no
5482,swimming,no
5483,swimming,yes
5484,,yes
5485,,yes
5486,swimming,no
5487,swimming,yes
5488,fishing,no
5489,,no
5490,swimming,no
5491,swimming,no
5492,,yes
5493,,no
5494,,yes
5495,fishing,yes
5496,swimming,no
5497,swimming,yes
5498,swimming,no
5499,swimming,no
5500,swimming,no
5501,swimming,no
5502,,no
5503,swimming,no
5504,,yes
5505,,yes
5506,boat,yes
5507,boat,no
5508,swimming,yes
5509,swimming,yes
5510,swimming,yes
5511,swimming,yes
5512,swimming,yes
5513,swimming,yes
5514,swimming,no
5515,swimming,no
5516,swimming,yes
5517,,yes
5518,fishing,no
5519,swimming,no
5520,swimming,yes
5521,swimming,yes
5522,,yes
5523,swimming,yes
5524,,yes
5525,swimming,yes
5526,fishing,yes
5527,swimming,yes
5528,swimming,yes
5529,fishing,no
5530,swimming,yes
5531,fishing,no
5532,,yes
5533,fishing,no
5534,swimming,no
5535,,no
5536,swimming,no
5537,swimming,no
5538,boat,no
5539,,yes
5540,,no
5541,swimming,no
5542,swimming,no
5543,fishing,no
5544,swimming,yes
5545,swimming,yes
5546,swimming,no
5547,swimming,no
5548,swimming,no
5549,swimming,yes
5550,swimming,no
5551,swimming,yes
5552,swimming,yes
5553,swimming,no
5554,swimming,no
5555,swimming,unknown
5556,,no
5557,swimming,no
5558,swimming,yes
5559,,no
5560,,no
5561,,no
5562,,no
5563,swimming,no
5564,,no
5565,,yes
5566,fishing,no
5567,swimming,no
5568,swimming,yes
5569,swimming,yes
5570,,yes
5571,swimming,yes
5572,,no
5573,swimming,no
5574,swimming,no
5575,,yes
5576,fishing,no
5577,boat,no
5578,swimming,no
5579,swimming,yes
5580,swimming,no
5581,,no
5582,,no
5583,fishing,no
5584,,yes
5585,,yes
5586,swimming,no
5587,swimming,no
5588,,yes
5589,swimming,no
5590,swimming,no
5591,swimming,yes
5592,,yes
5593,swimming,yes
5594,boat,yes
5595,,no
5596,swimming,yes
5597,swimming,no
5598,fishing,no
5599,boat,yes
5600,,no
5601,swimming,yes
5602,,no
5603,swimming,yes
5604,,yes
5605,,no
5606,swimming,no
5607,fishing,yes
5608,fishing,no
5609,,no
5610,fishing,yes
5611,boat,yes
5612,swimming,yes
5613,fishing,yes
5614,,no
5615,,unknown
5616,fishing,no
5617,swimming,yes
5618,,yes
5619,swimming,yes
5620,boat,yes
5621,swimming,no
5622,fishing,yes
5623,swimming,no
5624,swimming,yes
5625,swimming,yes
5626,,no
5627,swimming,yes
5628,swimming,no
5629,fishing,yes
5630,boat,no
5631,swimming,yes
5632,fishing,no
5633,swimming,yes
5634,fishing,no
5635,,yes
5636,swimming,no
5637,swimming,yes
5638,,no
5639,boat,yes
5640,,yes
5641,swimming,no
5642,swimming,yes
5643,swimming,no
5644,swimming,yes
5645,swimming,yes
5646,,no
5647,fishing,no
5648,swimming,no
5649,swimming,yes
5650,swimming,no
5651,,no
5652,fishing,no
5653,swimming,unknown
5654,swimming,no
5655,fishing,yes
5656,swimming,unknown
5657,swimming,yes
5658,swimming,no
5659,boat,yes
5660,swimming,yes
5661,swimming,yes
5662,,yes
5663,boat,no
5664,boat,yes
5665,,yes
5666,,yes
5667,,yes
5668,,yes
5669,swimming,no
5670,swimming,no
5671,swimming,no
5672,swimming,yes
5673,,yes
5674,,unknown
5675,,yes
5676,fishing,no
5677,swimming,no
5678,,no
5679,fishing,no
5680,,yes
5681,swimming,no
5682,,yes
5683,,yes
5684,fishing,no
5685,swimming,yes
5686,swimming,no
5687,swimming,no
5688,boat,no
5689,,yes
5690,,yes
5691,,no
5692,fishing,no
5693,,yes
5694,boat,yes
5695,swimming,no
5696,,no
5697,,yes
5698,fishing,no
5699,,no
5700,swimming,no
5701,swimming,no
5702,,no
5703,swimming,yes
5704,,no
5705,swimming,yes
5706,fishing,yes
5707,,no
5708,swimming,unknown
5709,swimming,unknown
5710,swimming,yes
5711,swimming,yes
5712,,no
5713,,yes
5714,,no
5715,swimming,yes
5716,swimming,yes
5717,fishing,no
5718,,yes
5719,fishing,no
5720,boat,yes
5721,swimming,no
5722,swimming,yes
5723,,yes
5724,,yes
5725,boat,yes
5726,boat,no
5727,,no
5728,,yes
5729,,no
5730,fishing,no
5731,boat,no
5732,,no
5733,,no
5734,,yes
5735,swimming,no
5736,,yes
5737,,yes
5738,boat,yes
5739,,yes
5740,swimming,no
5741,,no
5742,,yes
5743,,no
5744,swimming,yes
5745,,no
5746,boat,yes
5747,swimming,yes
5748,boat,no
5749,,no
5750,,no
5751,,no
5752,swimming,yes
5753,fishing,no
5754,swimming,yes
5755,,no
5756,,no
5757,swimming,no
5758,boat,no
5759,fishing,no
5760,swimming,no
5761,swimming,no
5762,swimming,yes
5763,boat,no
5764,,no
5765,swimming,no
5766,fishing,yes
5767,,no
5768,,no
5769,,yes
5770,swimming,yes
5771,swimming,no
5772,fishing,no
5773,boat,yes
5774,,yes
5775,boat,no
5776,,no
5777,boat,yes
5778,swimming,yes
5779,,yes
5780,swimming,yes
5781,,yes
5782,,yes
5783,,yes
5784,swimming,yes
5785,fishing,no
5786,swimming,no
5787,swimming,yes
5788,swimming,yes
5789,fishing,yes
5790,,yes
5791,,no
5792,,yes
5793,,no
5794,swimming,no
5795,swimming,no
5796,boat,no
5797,,no
5798,swimming,yes
5799,fishing,yes
5800,swimming,yes
5801,swimming,yes
5802,,yes
5803,,no
5804,,no
5805,swimming,no
5806,swimming,no
5807,swimming,yes
5808,,yes
5809,swimming,no
5810,swimming,no
5811,,yes
5812,,yes
5813,fishing,no
5814,swimming,yes
5815,boat,yes
5816,swimming,yes
5817,boat,no
5818,,no
5819,swimming,no
5820,,no
5821,swimming,yes
5822,swimming,yes
5823,fishing,no
5824,swimming,no
5825,swimming,no
5826,,no
5827,,no
5828,,no
5829,swimming,yes
5830,swimming,no
5831,fishing,no
5832,,no
5833,swimming,no
5834,,yes
5835,boat,no
5836,,yes
5837,swimming,no
5838,swimming,yes
5839,boat,yes
5840,fishing,no
5841,boat,no
5842,boat,yes
5843,swimming,yes
5844,swimming,yes
5845,,yes
5846,,no
5847,boat,yes
5848,,yes
5849,swimming,yes
5850,,yes
5851,swimming,no
5852,,yes
5853,fishing,no
5854,,no
5855,,no
5856,swimming,no
5857,,no
5858,,no
5859,fishing,no
5860,swimming,yes
5861,swimming,no
5862,boat,no
5863,,no
5864,fishing,yes
5865,swimming,yes
5866,swimming,no
5867,swimming,yes
5868,swimming,yes
5869,swimming,yes
5870,,no
5871,swimming,no
5872,,yes
5873,fishing,no
5874,,no
5875,swimming,yes
5876,swimming,no
5877,swimming,no
5878,boat,yes
5879,fishing,no
5880,fishing,no
5881,fishing,no
5882,swimming,no
5883,swimming,yes
5884,,yes
5885,boat,no
5886,boat,yes
5887,fishing,no
5888,,yes
5889,swimming,no
5890,fishing,no
5891,swimming,no
5892,swimming,no
5893,swimming,no
5894,swimming,yes
5895,,no
5896,,yes
5897,fishing,no
5898,,no
5899,,yes
5900,boat,no
5901,,no
5902,,no
5903,fishing,no
5904,fishing,no
5905,swimming,no
5906,,no
5907,swimming,yes
5908,,yes
5909,,no
5910,fishing,no
5911,swimming,no
5912,swimming,no
5913,swimming,no
5914,fishing,no
5915,swimming,no
5916,swimming,no
5917,swimming,no
5918,,no
5919,fishing,no
5920,,no
5921,,yes
5922,,yes
5923,,yes
5924,fishing,no
5925,swimming,yes
5926,swimming,no
5927,swimming,yes
5928,boat,yes
5929,boat,yes
5930,,no
5931,boat,yes
5932,swimming,yes
5933,,no
5934,swimming,no
5935,swimming,yes
5936,fishing,yes
5937,boat,no
5938,,yes
5939,,no
5940,,no
5941,swimming,no
5942,,yes
5943,swimming,yes
5944,,yes
5945,swimming,no
5946,,yes
5947,,yes
5948,boat,yes
5949,swimming,no
5950,,yes
5951,swimming,no
5952,swimming,yes
5953,swimming,no
5954,fishing,no
5955,boat,yes
5956,,no
5957,swimming,no
5958,swimming,yes
5959,,yes
5960,,yes
5961,,yes
5962,swimming,yes
5963,swimming,no
5964,,yes
5965,,no
5966,swimming,no
5967,,no
5968,swimming,yes
5969,,yes
5970,swimming,yes
5971,,no
5972,swimming,no
5973,,no
5974,boat,yes
5975,swimming,yes
5976,,no
5977,swimming,no
5978,swimming,yes
5979,swimming,no
5980,swimming,no
5981,fishing,yes
5982,swimming,no
5983,swimming,no
5984,swimming,yes
5985,,yes
5986,boat,yes
5987,,yes
5988,swimming,no
5989,swimming,no
5990,swimming,no
5991,swimming,yes
5992,swimming,yes
5993,,yes
5994,swimming,yes
5995,swimming,yes
5996,swimming,yes
5997,swimming,yes
5998,swimming,unknown
5999,swimming,yes
6000,boat,no
6001,swimming,yes
6002,,yes
6003,,yes
6004,swimming,yes
6005,swimming,no
6006,swimming,no
6007,swimming,no
6008,swimming,yes
6009,swimming,no
6010,,yes
6011,swimming,no
6012,boat,no
6013,,yes
6014,swimming,no
6015,fishing,no
6016,,yes
6017,,yes
6018,swimming,yes
6019,,no
6020,swimming,yes
6021,boat,yes
6022,swimming,yes
6023,,yes
6024,swimming,yes
6025,swimming,yes
6026,swimming,no
6027,swimming,yes
6028,swimming,yes
6029,,yes
6030,swimming,yes
6031,swimming,yes
6032,swimming,yes
6033,,yes
6034,swimming,yes
6035,boat,no
6036,swimming,no
6037,,no
6038,,no
6039,swimming,no
6040,,no
6041,swimming,yes
6042,,no
6043,,no
6044,,yes
6045,,no
6046,swimming,no
6047,boat,no
6048,,yes
6049,,yes
6050,swimming,no
6051,fishing,yes
6052,swimming,yes
6053,,no
6054,,yes
6055,,yes
6056,,yes
6057,boat,yes
6058,swimming,yes
6059,,yes
6060,,yes
6061,swimming,no
6062,,no
6063,surfing,yes
6064,,no
6065,swimming,yes
6066,swimming,yes
6067,,no
6068,,yes
6069,swimming,yes
6070,boat,no
6071,,no
6072,boat,yes
6073,boat,yes
6074,,no
6075,swimming,no
6076,swimming,no
6077,,yes
6078,,no
6079,swimming,yes
6080,,no
6081,,unknown
6082,swimming,yes
6083,,no
6084,swimming,yes
6085,fishing,no
6086,swimming,no
6087,,yes
6088,fishing,no
6089,fishing,yes
6090,,yes
6091,swimming,yes
6092,,yes
6093,,no
6094,boat,yes
6095,,yes
6096,swimming,no
6097,surfing,yes
6098,swimming,no
6099,swimming,no
6100,,yes
6101,,no
6102,swimming,yes
6103,,yes
6104,swimming,no
6105,,yes
6106,swimming,yes
6107,,no
6108,,no
6109,,yes
6110,,no
6111,,no
6112,swimming,yes
6113,swimming,yes
6114,swimming,yes
6115,swimming,no
6116,swimming,yes
6117,swimming,yes
6118,swimming,no
6119,,yes
6120,,yes
6121,swimming,yes
6122,,no
6123,swimming,yes
6124,,no
6125,,no
6126,,no
6127,,no
6128,,no
6129,,no
6130,,yes
6131,,yes
6132,boat,yes
6133,,yes
6134,fishing,yes
6135,,yes
6136,fishing,no
6137,swimming,yes
6138,,yes
6139,,yes
6140,swimming,yes
6141,,yes
6142,swimming,yes
6143,surfing,yes
6144,,yes
6145,,yes
6146,fishing,yes
6147,swimming,no
6148,swimming,yes
6149,,no
6150,,yes
6151,swimming,yes
6152,swimming,no
6153,,unknown
6154,swimming,yes
6155,swimming,yes
6156,swimming,yes
6157,,no
6158,,no
6159,swimming,yes
6160,swimming,no
6161,,yes
6162,swimming,no
6163,swimming,yes
6164,,no
6165,,unknown
6166,,unknown
6167,,unknown
6168,swimming,yes
6169,boat,unknown
6170,boat,yes
6171,swimming,unknown
6172,,unknown
6173,swimming,yes
6174,,no
6175,swimming,yes
6176,,no
6177,swimming,yes
6178,,yes
6179,boat,yes
6180,boat,yes
6181,fishing,no
6182,swimming,no
6183,swimming,yes
6184,swimming,yes
6185,swimming,no
6186,swimming,yes
6187,swimming,no
6188,swimming,yes
6189,,no
6190,,yes
6191,swimming,no
6192,,yes
6193,swimming,yes
6194,fishing,yes
6195,,no
6196,fishing,no
6197,swimming,no
6198,swimming,no
6199,,no
6200,,no
6201,surfing,no
6202,,yes
6203,swimming,yes
6204,fishing,no
6205,,yes
6206,,no
6207,swimming,no
6208,fishing,no
6209,fishing,yes
6210,fishing,no
6211,swimming,yes
6212,fishing,no
6213,swimming,yes
6214,swimming,no
6215,swimming,yes
6216,fishing,no
6217,surfing,no
6218,boat,no
6219,swimming,no
6220,swimming,yes
6221,fishing,no
6222,swimming,no
6223,,yes
6224,,no
6225,,no
6226,swimming,no
6227,swimming,yes
6228,swimming,no
6229,,yes
6230,swimming,no
6231,swimming,yes
6232,swimming,no
6233,,yes
6234,,yes
6235,swimming,no
6236,swimming,no
6237,swimming,no
6238,fishing,no
6239,swimming,no
6240,swimming,yes
6241,fishing,no
6242,swimming,no
6243,swimming,no
6244,,no
6245,,no
6246,fishing,no
6247,swimming,no
6248,swimming,yes
6249,,no
6250,swimming,no
6251,swimming,yes
6252,,yes
6253,,yes
6254,fishing,yes
6255,swimming,no
6256,swimming,no
6257,fishing,no
6258,,yes
6259,,yes
6260,,no
6261,swimming,no
6262,fishing,yes
6263,,yes
6264,,yes
6265,swimming,yes
6266,swimming,yes
6267,swimming,no
6268,swimming,no
6269,,yes
6270,,no
6271,,no
6272,swimming,no
6273,swimming,yes
6274,fishing,no
6275,swimming,no
6276,,yes
6277,,unknown
6278,swimming,yes
6279,,no
6280,swimming,no
6281,swimming,yes
6282,,yes
6283,fishing,no
6284,swimming,no
6285,swimming,yes
6286,swimming,yes
6287,boat,yes
6288,swimming,no
6289,fishing,yes
6290,,yes
6291,swimming,no
6292,,no
6293,fishing,yes
6294,fishing,yes
6295,fishing,yes
6296,swimming,yes
6297,swimming,yes
6298,swimming,yes
6299,swimming,yes
6300,,yes
6301,swimming,yes
